filename,kind,beta,Tsteps,steps,stepsPerMeasurement,Nbins,nprocs,rank0_time_s,rank1_time_s,rank2_time_s,rank3_time_s,rank4_time_s,rank5_time_s,total_mean_q,total_max_q,total_mean_sgnW,total_std_sgnW,wall_clock_seconds,total_elapsed_cpu_seconds
notstep_nomeas_tfim_fidsus_beta_0.1.txt,nomeas,0.1,0,1000000,1,100,6,0.700764,0.580494,0.623845,0.582236,0.725892,0.626174,0.156637,8.0,1.0,0.0,0.726229,3.839405
notstep_nomeas_tfim_fidsus_beta_0.16551724.txt,nomeas,0.165517,0,1000000,1,100,6,0.886794,0.894605,0.896409,0.891932,0.887141,0.886245,0.422322667,8.0,1.0,0.0,0.896796,5.343126
notstep_nomeas_tfim_fidsus_beta_0.23103448.txt,nomeas,0.231034,0,1000000,1,100,6,1.1467,1.14998,1.15695,1.1553,1.15575,1.15733,0.792414333,10.0,1.0,0.0,1.15768,6.922009
notstep_nomeas_tfim_fidsus_beta_0.29655172.txt,nomeas,0.296552,0,1000000,1,100,6,1.49564,1.50415,1.50677,1.50476,1.4952,1.49813,1.251109,12.0,1.0,0.0,1.507212,9.00466
notstep_nomeas_tfim_fidsus_beta_0.36206897.txt,nomeas,0.362069,0,1000000,1,100,6,2.26891,2.64564,1.92206,1.90982,1.89342,1.88519,1.75827833,14.0,1.0,0.0,2.64612,12.52504
notstep_nomeas_tfim_fidsus_beta_0.42758621.txt,nomeas,0.427586,0,1000000,1,100,6,2.49449,3.14658,3.24947,2.42729,2.68172,2.25622,2.27817967,16.0,1.0,0.0,3.249796,16.255772
notstep_nomeas_tfim_fidsus_beta_0.49310345.txt,nomeas,0.493103,0,1000000,1,100,6,4.25045,4.27281,4.30321,3.74756,4.2048,3.85247,2.790075,16.0,1.0,0.0,4.303478,24.631297
notstep_nomeas_tfim_fidsus_beta_0.55862069.txt,nomeas,0.558621,0,1000000,1,100,6,5.42927,5.15381,5.32283,5.22362,5.39144,5.3764,3.27403,18.0,1.0,0.0,5.429536,31.897367
notstep_nomeas_tfim_fidsus_beta_0.62413793.txt,nomeas,0.624138,0,1000000,1,100,6,6.79285,6.6234,6.60443,6.67735,6.86456,6.42309,3.70171433,24.0,1.0,0.0,6.864849,39.985685
notstep_nomeas_tfim_fidsus_beta_0.68965517.txt,nomeas,0.689655,0,1000000,1,100,6,7.78068,7.86719,7.77232,7.82513,7.71642,7.68161,4.12213433,22.0,1.0,0.0,7.867399,46.643353
notstep_nomeas_tfim_fidsus_beta_0.75517241.txt,nomeas,0.755172,0,1000000,1,100,6,8.94091,8.91181,8.85112,8.86352,8.87135,8.71866,4.532935,20.0,1.0,0.0,8.941211,53.15738
notstep_nomeas_tfim_fidsus_beta_0.82068966.txt,nomeas,0.82069,0,1000000,1,100,6,10.3726,10.361,10.5213,10.2513,10.235,10.2488,4.896639,22.0,1.0,0.0,10.521604,61.989952
notstep_nomeas_tfim_fidsus_beta_0.8862069.txt,nomeas,0.886207,0,1000000,1,100,6,11.4785,11.4957,11.5434,11.3253,11.3418,11.5794,5.279907,28.0,1.0,0.0,11.579717,68.764197
notstep_nomeas_tfim_fidsus_beta_0.95172414.txt,nomeas,0.951724,0,1000000,1,100,6,11.983,12.171,12.1991,12.0451,12.2635,11.9451,5.591035,24.0,1.0,0.0,12.26374,72.606757
notstep_nomeas_tfim_fidsus_beta_1.01724138.txt,nomeas,1.01724,0,1000000,1,100,6,13.2024,13.3437,13.2909,13.4198,13.0798,13.0775,5.94501033,26.0,1.0,0.0,13.420067,79.414093
notstep_nomeas_tfim_fidsus_beta_1.08275862.txt,nomeas,1.08276,0,1000000,1,100,6,14.1627,14.4353,14.6848,14.0224,14.0527,14.0815,6.31192233,26.0,1.0,0.0,14.685164,85.439414
notstep_nomeas_tfim_fidsus_beta_1.14827586.txt,nomeas,1.14828,0,1000000,1,100,6,15.2799,15.3009,15.3003,15.0397,14.9691,14.794,6.69995867,28.0,1.0,0.0,15.301166,90.683811
notstep_nomeas_tfim_fidsus_beta_1.2137931.txt,nomeas,1.21379,0,1000000,1,100,6,15.6931,15.8469,16.2664,15.942,15.9742,15.6126,7.04738567,28.0,1.0,0.0,16.266643,95.335181
notstep_nomeas_tfim_fidsus_beta_1.27931034.txt,nomeas,1.27931,0,1000000,1,100,6,19.4286,16.9454,17.929,17.0843,17.1568,17.0214,7.430906,30.0,1.0,0.0,19.428813,105.565529
notstep_nomeas_tfim_fidsus_beta_1.34482759.txt,nomeas,1.34483,0,1000000,1,100,6,17.7553,17.8821,18.29,17.8475,17.8057,24.1435,7.774359,30.0,1.0,0.0,24.143773,113.72412
notstep_nomeas_tfim_fidsus_beta_1.41034483.txt,nomeas,1.41034,0,1000000,1,100,6,19.5118,19.3643,19.6151,19.3674,19.6236,25.2453,8.18418233,30.0,1.0,0.0,25.245594,122.727498
notstep_nomeas_tfim_fidsus_beta_1.47586207.txt,nomeas,1.47586,0,1000000,1,100,6,20.3149,26.7528,27.5764,20.1895,20.3177,20.5172,8.56866367,32.0,1.0,0.0,27.576659,135.668476
notstep_nomeas_tfim_fidsus_beta_1.54137931.txt,nomeas,1.54138,0,1000000,1,100,6,21.6637,21.8005,22.3005,31.1417,29.8463,26.8717,8.908003,38.0,1.0,0.0,31.141957,153.624502
notstep_nomeas_tfim_fidsus_beta_1.60689655.txt,nomeas,1.6069,0,1000000,1,100,6,31.0307,26.7562,34.2112,26.9841,35.1026,23.0412,9.28700033,34.0,1.0,0.0,35.102896,177.126095
notstep_nomeas_tfim_fidsus_beta_1.67241379.txt,nomeas,1.67241,0,1000000,1,100,6,31.6635,26.5616,24.1535,25.1679,32.121,32.2063,9.632784,36.0,1.0,0.0,32.206617,171.873848
notstep_nomeas_tfim_fidsus_beta_1.73793103.txt,nomeas,1.73793,0,1000000,1,100,6,28.8858,36.682,40.3186,32.4942,36.0523,35.0694,10.0514543,34.0,1.0,0.0,40.318809,209.502392
notstep_nomeas_tfim_fidsus_beta_1.80344828.txt,nomeas,1.80345,0,1000000,1,100,6,32.7541,35.7526,38.3315,34.4181,37.567,40.1363,10.421787,36.0,1.0,0.0,40.136561,218.959546
notstep_nomeas_tfim_fidsus_beta_1.86896552.txt,nomeas,1.86897,0,1000000,1,100,6,37.0143,41.3254,40.14,29.6736,36.9242,41.6636,10.7086443,36.0,1.0,0.0,41.663896,226.741014
notstep_nomeas_tfim_fidsus_beta_1.93448276.txt,nomeas,1.93448,0,1000000,1,100,6,37.6856,43.8493,44.157,37.4522,44.2723,43.6905,11.1827413,38.0,1.0,0.0,44.272527,251.107026
notstep_nomeas_tfim_fidsus_beta_2.0.txt,nomeas,2,0,1000000,1,100,6,44.7571,43.3804,45.3186,42.1292,42.3922,45.1378,11.497253,36.0,1.0,0.0,45.318926,263.115276
notstep_nomeas_tfim_fidsus_beta_4.0.txt,nomeas,4,0,1000000,1,100,6,129.062,128.803,186.765,128.245,127.169,129.084,22.3598117,68.0,1.0,0.0,186.765057,829.127688
notstep_esus_tfim_fidsus_beta_0.1.txt,esus,0.1,0,1000000,1,100,6,0.7476,0.626881,0.6702,0.628617,0.770953,0.669872,0.156637,8.0,1.0,0.0,0.77241,4.114123
notstep_esus_tfim_fidsus_beta_0.16551724.txt,esus,0.165517,0,1000000,1,100,6,0.941905,0.953094,0.946364,0.937356,0.939352,0.936773,0.422322667,8.0,1.0,0.0,0.954476,5.654844
notstep_esus_tfim_fidsus_beta_0.23103448.txt,esus,0.231034,0,1000000,1,100,6,1.20286,1.20075,1.2164,1.21161,1.21483,1.22008,0.792414333,10.0,1.0,0.0,1.221582,7.266532
notstep_esus_tfim_fidsus_beta_0.29655172.txt,esus,0.296552,0,1000000,1,100,6,1.55978,1.56882,1.57265,1.56342,1.56539,1.57059,1.251109,12.0,1.0,0.0,1.574125,9.40066
notstep_esus_tfim_fidsus_beta_0.36206897.txt,esus,0.362069,0,1000000,1,100,6,2.36699,2.76636,2.01998,2.00347,1.98663,1.97672,1.75827833,14.0,1.0,0.0,2.767755,13.120137
notstep_esus_tfim_fidsus_beta_0.42758621.txt,esus,0.427586,0,1000000,1,100,6,2.65388,3.33431,3.44239,2.58959,2.84779,2.41316,2.27817967,16.0,1.0,0.0,3.443776,17.28112
notstep_esus_tfim_fidsus_beta_0.49310345.txt,esus,0.493103,0,1000000,1,100,6,4.63614,4.64999,4.70315,4.0206,4.56044,4.21377,2.790075,16.0,1.0,0.0,4.704559,26.784089
notstep_esus_tfim_fidsus_beta_0.55862069.txt,esus,0.558621,0,1000000,1,100,6,5.82351,5.53842,5.79388,5.69322,5.843,5.88778,3.27403,18.0,1.0,0.0,5.889035,34.579817
notstep_esus_tfim_fidsus_beta_0.62413793.txt,esus,0.624138,0,1000000,1,100,6,7.02924,6.87355,6.85369,6.91687,7.11127,6.66449,3.70171433,24.0,1.0,0.0,7.112436,41.4491
notstep_esus_tfim_fidsus_beta_0.68965517.txt,esus,0.689655,0,1000000,1,100,6,7.98852,8.06938,8.01029,8.02836,7.92229,7.89307,4.12213433,22.0,1.0,0.0,8.070836,47.911914
notstep_esus_tfim_fidsus_beta_0.75517241.txt,esus,0.755172,0,1000000,1,100,6,9.16479,9.13098,9.0942,9.09974,9.11939,8.92267,4.532935,20.0,1.0,0.0,9.166032,54.531767
notstep_esus_tfim_fidsus_beta_0.82068966.txt,esus,0.82069,0,1000000,1,100,6,10.665,10.6407,10.8166,10.5447,10.5259,10.5421,4.896639,22.0,1.0,0.0,10.817862,63.735065
notstep_esus_tfim_fidsus_beta_0.8862069.txt,esus,0.886207,0,1000000,1,100,6,11.7258,11.7172,11.7928,11.5578,11.5731,11.8267,5.279907,28.0,1.0,0.0,11.827959,70.193474
notstep_esus_tfim_fidsus_beta_0.95172414.txt,esus,0.951724,0,1000000,1,100,6,12.1116,12.2747,12.3107,12.1442,12.3827,12.0592,5.591035,24.0,1.0,0.0,12.383961,73.283135
notstep_esus_tfim_fidsus_beta_1.01724138.txt,esus,1.01724,0,1000000,1,100,6,13.2473,13.4156,13.3458,13.4769,13.1673,13.1093,5.94501033,26.0,1.0,0.0,13.478124,79.762237
notstep_esus_tfim_fidsus_beta_1.08275862.txt,esus,1.08276,0,1000000,1,100,6,14.218,14.4867,14.7552,14.099,14.1413,14.2417,6.31192233,26.0,1.0,0.0,14.756395,85.941693
notstep_esus_tfim_fidsus_beta_1.14827586.txt,esus,1.14828,0,1000000,1,100,6,15.3484,15.398,15.371,15.1335,15.4089,14.8783,6.69995867,28.0,1.0,0.0,15.410069,91.53804
notstep_esus_tfim_fidsus_beta_1.2137931.txt,esus,1.21379,0,1000000,1,100,6,15.8955,15.98,16.4718,16.1399,16.1712,15.7679,7.04738567,28.0,1.0,0.0,16.472969,96.426263
notstep_esus_tfim_fidsus_beta_1.27931034.txt,esus,1.27931,0,1000000,1,100,6,19.667,17.1507,18.1674,17.2677,17.3817,17.227,7.430906,30.0,1.0,0.0,19.668144,106.861475
notstep_esus_tfim_fidsus_beta_1.34482759.txt,esus,1.34483,0,1000000,1,100,6,17.6128,17.5362,18.1332,17.679,17.6351,23.9418,7.774359,30.0,1.0,0.0,23.943019,112.538069
notstep_esus_tfim_fidsus_beta_1.41034483.txt,esus,1.41034,0,1000000,1,100,6,19.6124,19.53,19.7275,19.5103,19.455,25.3669,8.18418233,30.0,1.0,0.0,25.367714,123.202175
notstep_esus_tfim_fidsus_beta_1.47586207.txt,esus,1.47586,0,1000000,1,100,6,20.5588,26.9949,27.8228,20.4339,20.5664,20.769,8.56866367,32.0,1.0,0.0,27.824012,137.145778
notstep_esus_tfim_fidsus_beta_1.54137931.txt,esus,1.54138,0,1000000,1,100,6,21.7369,21.9346,22.4545,31.4378,30.0857,27.1914,8.908003,38.0,1.0,0.0,31.439065,154.840948
notstep_esus_tfim_fidsus_beta_1.60689655.txt,esus,1.6069,0,1000000,1,100,6,31.5287,27.1738,34.8177,27.4602,35.7047,23.3181,9.28700033,34.0,1.0,0.0,35.70591,180.003289
notstep_esus_tfim_fidsus_beta_1.67241379.txt,esus,1.67241,0,1000000,1,100,6,32.0601,26.7923,24.4123,25.4024,32.5472,32.6249,9.632784,36.0,1.0,0.0,32.626105,173.839158
notstep_esus_tfim_fidsus_beta_1.73793103.txt,esus,1.73793,0,1000000,1,100,6,29.3373,37.3216,41.0226,33.0959,36.8958,35.7247,10.0514543,34.0,1.0,0.0,41.023871,213.397973
notstep_esus_tfim_fidsus_beta_1.80344828.txt,esus,1.80345,0,1000000,1,100,6,34.2362,36.8856,39.4569,35.6269,38.6221,41.311,10.421787,36.0,1.0,0.0,41.312257,226.138777
notstep_esus_tfim_fidsus_beta_1.86896552.txt,esus,1.86897,0,1000000,1,100,6,37.5884,41.8649,40.6735,30.0973,37.5527,42.1955,10.7086443,36.0,1.0,0.0,42.196779,229.972232
notstep_esus_tfim_fidsus_beta_1.93448276.txt,esus,1.93448,0,1000000,1,100,6,37.9979,44.2965,44.6307,37.7881,44.7043,44.1685,11.1827413,38.0,1.0,0.0,44.705562,253.58583
notstep_esus_tfim_fidsus_beta_2.0.txt,esus,2,0,1000000,1,100,6,45.4931,44.2241,45.8583,42.8431,43.1739,45.9691,11.497253,36.0,1.0,0.0,45.970111,267.561559
notstep_esus_tfim_fidsus_beta_4.0.txt,esus,4,0,1000000,1,100,6,129.346,128.634,187.114,128.516,127.673,128.952,22.3598117,68.0,1.0,0.0,187.115559,830.235924
notstep_fidsus_tfim_fidsus_beta_0.1.txt,fidsus,0.1,0,1000000,1,100,6,1.12261,0.923768,1.02085,0.990643,1.16333,1.02697,0.156637,8.0,1.0,0.0,1.164692,6.248175
notstep_fidsus_tfim_fidsus_beta_0.16551724.txt,fidsus,0.165517,0,1000000,1,100,6,2.13174,2.17168,2.17674,2.11269,2.16108,2.1328,0.422322667,8.0,1.0,0.0,2.178041,12.886727
notstep_fidsus_tfim_fidsus_beta_0.23103448.txt,fidsus,0.231034,0,1000000,1,100,6,3.45817,3.47071,3.53781,3.49042,3.55801,3.51243,0.792414333,10.0,1.0,0.0,3.559399,21.027551
notstep_fidsus_tfim_fidsus_beta_0.29655172.txt,fidsus,0.296552,0,1000000,1,100,6,5.42786,5.51731,5.54409,5.43703,5.46535,5.46268,1.251109,12.0,1.0,0.0,5.545244,32.854303
notstep_fidsus_tfim_fidsus_beta_0.36206897.txt,fidsus,0.362069,0,1000000,1,100,6,9.72747,11.5113,8.24074,8.13931,7.97332,7.90816,1.75827833,14.0,1.0,0.0,11.512504,53.500308
notstep_fidsus_tfim_fidsus_beta_0.42758621.txt,fidsus,0.427586,0,1000000,1,100,6,12.003,16.0128,16.0833,11.8051,13.2196,10.7109,2.27817967,16.0,1.0,0.0,16.08449,79.834774
notstep_fidsus_tfim_fidsus_beta_0.49310345.txt,fidsus,0.493103,0,1000000,1,100,6,22.0359,22.0897,22.1546,18.2738,20.7869,19.6525,2.790075,16.0,1.0,0.0,22.155907,124.993471
notstep_fidsus_tfim_fidsus_beta_0.55862069.txt,fidsus,0.558621,0,1000000,1,100,6,29.087,26.3409,28.9778,27.8834,29.0067,28.4531,3.27403,18.0,1.0,0.0,29.088258,169.748807
notstep_fidsus_tfim_fidsus_beta_0.62413793.txt,fidsus,0.624138,0,1000000,1,100,6,36.5644,35.7464,34.9962,34.3702,37.0195,33.6068,3.70171433,24.0,1.0,0.0,37.020859,212.303523
notstep_fidsus_tfim_fidsus_beta_0.68965517.txt,fidsus,0.689655,0,1000000,1,100,6,41.5413,42.3056,41.7734,42.0081,41.0179,40.7322,4.12213433,22.0,1.0,0.0,42.306855,249.378525
notstep_fidsus_tfim_fidsus_beta_0.75517241.txt,fidsus,0.755172,0,1000000,1,100,6,49.7737,49.1222,48.7559,48.9832,48.9856,47.3793,4.532935,20.0,1.0,0.0,49.775009,292.999867
notstep_fidsus_tfim_fidsus_beta_0.82068966.txt,fidsus,0.82069,0,1000000,1,100,6,55.871,55.7185,57.3105,55.2236,54.7641,54.7211,4.896639,22.0,1.0,0.0,57.311758,333.608838
notstep_fidsus_tfim_fidsus_beta_0.8862069.txt,fidsus,0.886207,0,1000000,1,100,6,65.192,64.6167,65.2891,63.4454,63.5169,65.9747,5.279907,28.0,1.0,0.0,65.975857,388.034837
notstep_fidsus_tfim_fidsus_beta_0.95172414.txt,fidsus,0.951724,0,1000000,1,100,6,70.1574,71.2757,71.5573,69.5884,72.4371,69.3099,5.591035,24.0,1.0,0.0,72.438398,424.325777
notstep_fidsus_tfim_fidsus_beta_1.01724138.txt,fidsus,1.01724,0,1000000,1,100,6,78.5448,79.2443,78.4587,79.6809,76.6763,76.2935,5.94501033,26.0,1.0,0.0,79.682175,468.898533
notstep_fidsus_tfim_fidsus_beta_1.08275862.txt,fidsus,1.08276,0,1000000,1,100,6,85.8279,88.1716,91.207,84.637,84.6869,85.4321,6.31192233,26.0,1.0,0.0,91.208282,519.962372
notstep_fidsus_tfim_fidsus_beta_1.14827586.txt,fidsus,1.14828,0,1000000,1,100,6,98.8815,98.699,98.5377,96.4899,95.8348,93.7331,6.69995867,28.0,1.0,0.0,98.88279,582.175981
notstep_fidsus_tfim_fidsus_beta_1.2137931.txt,fidsus,1.21379,0,1000000,1,100,6,107.233,108.879,113.047,109.145,109.753,105.181,7.04738567,28.0,1.0,0.0,113.048746,653.238626
notstep_fidsus_tfim_fidsus_beta_1.27931034.txt,fidsus,1.27931,0,1000000,1,100,6,137.096,116.559,127.6,117.65,119.224,117.044,7.430906,30.0,1.0,0.0,137.097048,735.172706
notstep_fidsus_tfim_fidsus_beta_1.34482759.txt,fidsus,1.34483,0,1000000,1,100,6,126.888,126.415,132.83,126.989,126.783,175.629,7.774359,30.0,1.0,0.0,175.630875,815.53507
notstep_fidsus_tfim_fidsus_beta_1.41034483.txt,fidsus,1.41034,0,1000000,1,100,6,151.14,150.127,152.122,149.568,149.772,196.874,8.18418233,30.0,1.0,0.0,196.875236,949.602767
notstep_fidsus_tfim_fidsus_beta_1.47586207.txt,fidsus,1.47586,0,1000000,1,100,6,162.714,223.21,224.122,160.434,183.729,163.75,8.56866367,32.0,1.0,0.0,224.123694,1117.95954
notstep_fidsus_tfim_fidsus_beta_1.54137931.txt,fidsus,1.54138,0,1000000,1,100,6,223.826,172.146,176.846,253.136,245.506,212.177,8.908003,38.0,1.0,0.0,253.137068,1283.63641
notstep_fidsus_tfim_fidsus_beta_1.60689655.txt,fidsus,1.6069,0,1000000,1,100,6,252.153,218.116,291.904,219.255,288.821,184.437,9.28700033,34.0,1.0,0.0,291.90539,1454.6861
notstep_fidsus_tfim_fidsus_beta_1.67241379.txt,fidsus,1.67241,0,1000000,1,100,6,255.242,219.009,195.731,204.121,267.771,269.797,9.632784,36.0,1.0,0.0,269.798154,1411.67126
notstep_fidsus_tfim_fidsus_beta_1.73793103.txt,fidsus,1.73793,0,1000000,1,100,6,239.503,307.181,342.897,273.972,307.919,299.604,10.0514543,34.0,1.0,0.0,342.898672,1771.07633
notstep_fidsus_tfim_fidsus_beta_1.80344828.txt,fidsus,1.80345,0,1000000,1,100,6,291.967,319.035,347.728,311.341,338.796,361.685,10.421787,36.0,1.0,0.0,361.686074,1970.55121
notstep_fidsus_tfim_fidsus_beta_1.86896552.txt,fidsus,1.86897,0,1000000,1,100,6,327.36,378.601,366.846,356.994,338.028,384.622,10.7086443,36.0,1.0,0.0,384.622954,2152.45059
notstep_fidsus_tfim_fidsus_beta_1.93448276.txt,fidsus,1.93448,0,1000000,1,100,6,346.032,410.677,413.847,370.991,412.302,393.962,11.1827413,38.0,1.0,0.0,413.848656,2347.81118
notstep_fidsus_tfim_fidsus_beta_2.0.txt,fidsus,2,0,1000000,1,100,6,428.319,415.286,432.382,399.651,398.272,427.103,11.497253,36.0,1.0,0.0,432.382952,2501.0133
notstep_fidsus_tfim_fidsus_beta_4.0.txt,fidsus,4,0,1000000,1,100,6,1723.51,1727.01,2811.4,1709.67,1694.82,1714.91,22.3598117,68.0,1.0,0.0,2811.39682,11381.3144
