lam,wall_time(s)
0.1,12.036700
0.1,12.055700
0.1,12.061600
0.1,12.181300
0.1,12.200100
0.1,12.202400
0.1,12.203800
0.1,13.745800
0.1,13.795000
0.1,13.846200
0.1,13.868200
0.1,13.883100
0.1,13.885100
0.1,13.885800
0.1,13.890800
0.1,13.894400
0.1,13.894800
0.1,13.896200
0.1,13.896200
0.1,13.899200
0.1,13.900500
0.1,13.902800
0.1,13.903900
0.1,13.906700
0.1,13.910400
0.1,13.914500
0.1,13.916500
0.1,13.917400
0.1,13.917500
0.1,13.917900
0.1,13.921000
0.1,13.921600
0.1,13.922000
0.1,13.922700
0.1,13.923800
0.1,13.926900
0.1,13.930200
0.1,13.930900
0.1,13.931300
0.1,13.932200
0.1,13.932900
0.1,13.933200
0.1,13.933900
0.1,13.934400
0.1,13.935300
0.1,13.935500
0.1,13.937900
0.1,13.938800
0.1,13.940100
0.1,13.942100
0.1,13.944600
0.1,13.945700
0.1,13.946000
0.1,13.946600
0.1,13.947700
0.1,13.949000
0.1,13.953600
0.1,13.957500
0.1,13.957700
0.1,13.958800
0.1,13.962400
0.1,13.963800
0.1,13.972400
0.1,13.976000
0.1,13.978000
0.1,13.979600
0.1,14.004200
0.1,14.014500
0.1,14.017900
0.1,14.023300
0.1,14.028800
0.1,14.065200
0.1,14.067300
0.1,14.109700
0.1,14.122400
0.1,14.122600
0.1,14.132900
0.1,14.160900
0.1,14.162500
0.1,14.165900
0.1,14.168500
0.1,14.173100
0.1,14.179900
0.1,14.180900
0.1,14.195800
0.1,14.197000
0.1,14.207500
0.1,14.207600
0.1,14.218400
0.1,14.219500
0.1,14.220200
0.1,14.228500
0.1,14.243700
0.1,14.244000
0.1,14.245900
0.1,14.278200
0.1,14.297300
0.1,14.318300
0.1,14.361700
0.1,14.495300
0.15,51.418800
0.15,52.193900
0.15,57.778500
0.15,57.851300
0.15,57.855200
0.15,57.894900
0.15,57.895500
0.15,57.954800
0.15,57.958300
0.15,57.983200
0.15,58.001200
0.15,58.002600
0.15,58.007600
0.15,58.008000
0.15,58.017700
0.15,58.024700
0.15,58.045000
0.15,58.059300
0.15,58.062300
0.15,58.074500
0.15,58.086100
0.15,58.088400
0.15,58.092600
0.15,58.105500
0.15,58.109500
0.15,58.115500
0.15,58.127600
0.15,58.128300
0.15,58.130900
0.15,58.135300
0.15,58.136800
0.15,58.145000
0.15,58.150100
0.15,58.152400
0.15,58.158000
0.15,58.175800
0.15,58.187000
0.15,58.193100
0.15,58.203400
0.15,58.203900
0.15,58.220800
0.15,58.243000
0.15,58.267000
0.15,58.269400
0.15,58.278500
0.15,58.279900
0.15,58.298200
0.15,58.299300
0.15,58.300400
0.15,58.306700
0.15,58.327800
0.15,58.328100
0.15,58.328300
0.15,58.341400
0.15,58.346500
0.15,58.352000
0.15,58.377700
0.15,58.387700
0.15,58.409500
0.15,58.415000
0.15,58.418600
0.15,58.420300
0.15,58.425200
0.15,58.435600
0.15,58.442800
0.15,58.474100
0.15,58.487700
0.15,58.496700
0.15,58.515700
0.15,58.596200
0.15,58.633500
0.15,58.695300
0.15,58.710900
0.15,58.724900
0.15,58.733600
0.15,58.754000
0.15,58.755000
0.15,58.756100
0.15,58.773800
0.15,58.787400
0.15,58.810300
0.15,58.837600
0.15,58.845700
0.15,58.854400
0.15,58.856100
0.15,58.856500
0.15,58.865400
0.15,58.929800
0.15,58.963600
0.15,58.983500
0.15,59.024600
0.15,59.044800
0.15,59.120400
0.15,59.123200
0.15,59.126000
0.15,59.220800
0.15,59.222000
0.15,59.281500
0.15,59.554800
0.15,73.417300
0.2,59.663400
0.2,59.709700
0.2,60.409700
0.2,60.420700
0.2,60.485200
0.2,60.496700
0.2,60.642600
0.2,60.652800
0.2,60.675400
0.2,60.701700
0.2,60.703300
0.2,60.711400
0.2,60.737300
0.2,60.777800
0.2,60.782200
0.2,60.789000
0.2,60.851000
0.2,60.924300
0.2,60.939200
0.2,61.039400
0.2,61.193100
0.2,62.376600
0.2,69.658800
0.2,71.777900
0.2,74.610900
0.2,74.711800
0.2,75.620100
0.2,75.658100
0.2,75.766000
0.2,75.973800
0.2,76.225900
0.2,76.485900
0.2,76.510500
0.2,76.532400
0.2,76.553100
0.2,76.684500
0.2,76.693400
0.2,76.727900
0.2,76.860400
0.2,76.862500
0.2,76.948200
0.2,77.085400
0.2,77.176200
0.2,77.239000
0.2,77.498500
0.2,77.563000
0.2,77.666800
0.2,78.081900
0.2,78.370000
0.2,81.163400
0.2,83.618200
0.2,84.162100
0.2,84.602200
0.2,84.676400
0.2,84.720200
0.2,84.737000
0.2,84.755100
0.2,84.776300
0.2,84.808200
0.2,84.859100
0.2,84.867500
0.2,84.869500
0.2,84.873900
0.2,84.940400
0.2,84.940600
0.2,84.946100
0.2,84.954500
0.2,84.962300
0.2,84.971200
0.2,84.974600
0.2,84.975700
0.2,84.987100
0.2,85.052500
0.2,85.060100
0.2,85.062500
0.2,85.069300
0.2,85.082000
0.2,85.106600
0.2,85.125200
0.2,85.126600
0.2,85.145600
0.2,85.150000
0.2,85.960600
0.2,86.287800
0.2,86.313800
0.2,86.987000
0.2,87.536800
0.2,94.995100
0.2,96.362400
0.2,96.840300
0.2,97.840500
0.2,98.679200
0.2,99.282700
0.2,99.423400
0.2,99.659100
0.2,100.179000
0.2,101.009000
0.2,101.511000
0.2,105.948000
0.2,107.910000
0.25,78.987700
0.25,80.296000
0.25,81.484100
0.25,83.061800
0.25,83.289400
0.25,84.568600
0.25,84.864300
0.25,85.810900
0.25,86.428500
0.25,86.452700
0.25,86.483700
0.25,87.163000
0.25,89.700900
0.25,90.103000
0.25,90.228100
0.25,90.785900
0.25,90.991500
0.25,91.037200
0.25,91.079700
0.25,91.434200
0.25,91.618300
0.25,92.996600
0.25,94.842900
0.25,94.861900
0.25,95.084600
0.25,95.249900
0.25,95.601900
0.25,95.722500
0.25,95.933400
0.25,96.080100
0.25,96.115400
0.25,96.155400
0.25,96.201500
0.25,96.295500
0.25,96.536900
0.25,96.977900
0.25,96.995500
0.25,97.208700
0.25,97.300600
0.25,97.580800
0.25,97.588200
0.25,97.787600
0.25,97.828100
0.25,98.040800
0.25,98.231000
0.25,98.326600
0.25,98.414700
0.25,98.484400
0.25,98.513600
0.25,98.788200
0.25,98.798400
0.25,99.106600
0.25,99.265000
0.25,99.280200
0.25,99.416800
0.25,99.474600
0.25,100.018000
0.25,100.044000
0.25,100.185000
0.25,100.226000
0.25,100.271000
0.25,100.328000
0.25,100.330000
0.25,100.352000
0.25,100.364000
0.25,100.442000
0.25,100.861000
0.25,100.906000
0.25,101.034000
0.25,101.038000
0.25,101.143000
0.25,101.229000
0.25,101.280000
0.25,101.800000
0.25,101.882000
0.25,102.058000
0.25,102.088000
0.25,102.141000
0.25,103.567000
0.25,103.848000
0.25,104.017000
0.25,104.461000
0.25,104.524000
0.25,104.534000
0.25,104.915000
0.25,105.043000
0.25,105.217000
0.25,105.450000
0.25,105.609000
0.25,106.446000
0.25,106.631000
0.25,106.708000
0.25,106.930000
0.25,107.086000
0.25,107.487000
0.25,107.946000
0.25,108.043000
0.25,108.595000
0.25,108.648000
0.25,109.003000
0.3,109.963000
0.3,110.141000
0.3,112.158000
0.3,112.160000
0.3,112.183000
0.3,112.316000
0.3,112.334000
0.3,112.595000
0.3,112.756000
0.3,112.806000
0.3,113.042000
0.3,113.167000
0.3,113.220000
0.3,113.407000
0.3,113.410000
0.3,113.453000
0.3,113.464000
0.3,113.591000
0.3,113.714000
0.3,113.722000
0.3,113.760000
0.3,113.772000
0.3,113.874000
0.3,113.885000
0.3,113.894000
0.3,113.952000
0.3,113.975000
0.3,114.057000
0.3,114.172000
0.3,114.172000
0.3,114.202000
0.3,114.314000
0.3,114.333000
0.3,114.347000
0.3,114.358000
0.3,114.367000
0.3,114.381000
0.3,114.393000
0.3,114.461000
0.3,114.699000
0.3,114.723000
0.3,114.760000
0.3,114.878000
0.3,114.890000
0.3,114.902000
0.3,114.904000
0.3,114.982000
0.3,115.006000
0.3,115.030000
0.3,115.048000
0.3,115.102000
0.3,115.126000
0.3,115.179000
0.3,115.184000
0.3,115.343000
0.3,115.376000
0.3,115.416000
0.3,115.477000
0.3,115.543000
0.3,115.624000
0.3,115.681000
0.3,115.682000
0.3,115.713000
0.3,115.898000
0.3,115.916000
0.3,115.971000
0.3,115.981000
0.3,116.080000
0.3,116.144000
0.3,116.248000
0.3,116.607000
0.3,116.639000
0.3,116.820000
0.3,117.015000
0.3,117.026000
0.3,117.063000
0.3,117.098000
0.3,117.100000
0.3,117.191000
0.3,117.726000
0.3,118.036000
0.3,118.504000
0.3,118.652000
0.3,119.441000
0.3,119.600000
0.3,119.721000
0.3,119.840000
0.3,150.674000
0.3,152.293000
0.3,154.322000
0.3,154.885000
0.3,155.029000
0.3,156.336000
0.3,157.569000
0.3,157.791000
0.3,157.927000
0.3,158.216000
0.3,159.249000
0.3,160.653000
0.3,183.739000
0.35,121.005000
0.35,156.826000
0.35,165.430000
0.35,165.657000
0.35,165.921000
0.35,167.717000
0.35,170.103000
0.35,170.146000
0.35,170.178000
0.35,170.237000
0.35,170.303000
0.35,170.367000
0.35,172.476000
0.35,179.286000
0.35,180.170000
0.35,180.777000
0.35,181.399000
0.35,183.261000
0.35,184.675000
0.35,184.924000
0.35,185.277000
0.35,185.325000
0.35,185.349000
0.35,185.406000
0.35,185.408000
0.35,185.435000
0.35,185.561000
0.35,185.570000
0.35,185.665000
0.35,185.705000
0.35,185.725000
0.35,185.779000
0.35,185.805000
0.35,185.816000
0.35,185.832000
0.35,185.836000
0.35,185.838000
0.35,185.892000
0.35,185.894000
0.35,185.901000
0.35,185.911000
0.35,186.012000
0.35,186.083000
0.35,186.162000
0.35,186.197000
0.35,186.206000
0.35,186.229000
0.35,186.275000
0.35,186.285000
0.35,186.313000
0.35,186.353000
0.35,186.372000
0.35,186.378000
0.35,186.379000
0.35,186.388000
0.35,186.403000
0.35,186.420000
0.35,186.422000
0.35,186.443000
0.35,186.470000
0.35,186.472000
0.35,186.478000
0.35,186.487000
0.35,186.601000
0.35,186.614000
0.35,186.620000
0.35,186.624000
0.35,186.634000
0.35,186.661000
0.35,186.699000
0.35,186.738000
0.35,186.755000
0.35,186.776000
0.35,186.780000
0.35,186.837000
0.35,186.893000
0.35,186.894000
0.35,186.899000
0.35,186.945000
0.35,186.964000
0.35,186.968000
0.35,186.999000
0.35,187.055000
0.35,187.060000
0.35,187.086000
0.35,187.088000
0.35,187.125000
0.35,187.138000
0.35,187.177000
0.35,187.178000
0.35,187.198000
0.35,187.211000
0.35,187.270000
0.35,187.271000
0.35,187.271000
0.35,187.294000
0.35,187.765000
0.35,187.866000
0.35,187.911000
0.35,188.999000
0.4,141.718000
0.4,141.822000
0.4,158.417000
0.4,158.611000
0.4,158.933000
0.4,159.031000
0.4,159.115000
0.4,159.354000
0.4,159.417000
0.4,159.420000
0.4,159.532000
0.4,159.554000
0.4,159.563000
0.4,159.607000
0.4,159.652000
0.4,159.696000
0.4,159.702000
0.4,159.709000
0.4,159.721000
0.4,159.750000
0.4,159.756000
0.4,159.780000
0.4,159.786000
0.4,159.791000
0.4,159.806000
0.4,159.833000
0.4,159.862000
0.4,159.869000
0.4,159.881000
0.4,159.888000
0.4,159.896000
0.4,159.901000
0.4,159.909000
0.4,159.909000
0.4,159.911000
0.4,159.930000
0.4,159.936000
0.4,159.959000
0.4,159.988000
0.4,159.998000
0.4,160.003000
0.4,160.026000
0.4,160.031000
0.4,160.031000
0.4,160.058000
0.4,160.076000
0.4,160.095000
0.4,160.116000
0.4,160.134000
0.4,160.150000
0.4,160.163000
0.4,160.176000
0.4,160.177000
0.4,160.209000
0.4,160.222000
0.4,160.232000
0.4,160.233000
0.4,160.260000
0.4,160.263000
0.4,160.279000
0.4,160.356000
0.4,160.361000
0.4,160.390000
0.4,160.414000
0.4,160.426000
0.4,160.624000
0.4,160.803000
0.4,161.096000
0.4,161.979000
0.4,162.068000
0.4,162.096000
0.4,162.106000
0.4,162.124000
0.4,162.201000
0.4,162.227000
0.4,162.233000
0.4,162.369000
0.4,162.474000
0.4,162.485000
0.4,162.698000
0.4,162.784000
0.4,162.791000
0.4,162.893000
0.4,162.907000
0.4,162.976000
0.4,163.029000
0.4,163.071000
0.4,163.178000
0.4,163.275000
0.4,163.297000
0.4,164.351000
0.4,164.605000
0.4,165.293000
0.4,165.475000
0.4,165.719000
0.4,166.684000
0.4,166.859000
0.4,167.032000
0.4,167.430000
0.4,167.534000
0.44999999999999996,164.980000
0.44999999999999996,165.017000
0.44999999999999996,165.492000
0.44999999999999996,166.260000
0.44999999999999996,166.767000
0.44999999999999996,166.989000
0.44999999999999996,167.469000
0.44999999999999996,167.671000
0.44999999999999996,168.149000
0.44999999999999996,170.678000
0.44999999999999996,186.510000
0.44999999999999996,186.620000
0.44999999999999996,186.735000
0.44999999999999996,186.748000
0.44999999999999996,186.776000
0.44999999999999996,186.778000
0.44999999999999996,186.901000
0.44999999999999996,186.953000
0.44999999999999996,186.961000
0.44999999999999996,186.994000
0.44999999999999996,186.995000
0.44999999999999996,187.033000
0.44999999999999996,187.068000
0.44999999999999996,187.133000
0.44999999999999996,187.146000
0.44999999999999996,187.208000
0.44999999999999996,187.222000
0.44999999999999996,187.246000
0.44999999999999996,187.248000
0.44999999999999996,187.281000
0.44999999999999996,187.293000
0.44999999999999996,187.298000
0.44999999999999996,187.317000
0.44999999999999996,187.341000
0.44999999999999996,187.424000
0.44999999999999996,187.428000
0.44999999999999996,187.523000
0.44999999999999996,187.677000
0.44999999999999996,187.696000
0.44999999999999996,187.732000
0.44999999999999996,187.755000
0.44999999999999996,187.775000
0.44999999999999996,187.824000
0.44999999999999996,187.914000
0.44999999999999996,187.920000
0.44999999999999996,187.972000
0.44999999999999996,187.986000
0.44999999999999996,188.121000
0.44999999999999996,188.358000
0.44999999999999996,188.383000
0.44999999999999996,188.432000
0.44999999999999996,188.494000
0.44999999999999996,188.520000
0.44999999999999996,188.578000
0.44999999999999996,188.593000
0.44999999999999996,188.650000
0.44999999999999996,188.732000
0.44999999999999996,188.807000
0.44999999999999996,188.909000
0.44999999999999996,188.936000
0.44999999999999996,189.031000
0.44999999999999996,189.043000
0.44999999999999996,189.128000
0.44999999999999996,189.139000
0.44999999999999996,189.250000
0.44999999999999996,189.265000
0.44999999999999996,189.288000
0.44999999999999996,189.432000
0.44999999999999996,189.481000
0.44999999999999996,189.688000
0.44999999999999996,189.804000
0.44999999999999996,189.868000
0.44999999999999996,190.061000
0.44999999999999996,190.104000
0.44999999999999996,190.147000
0.44999999999999996,190.315000
0.44999999999999996,190.506000
0.44999999999999996,190.689000
0.44999999999999996,190.783000
0.44999999999999996,190.927000
0.44999999999999996,191.072000
0.44999999999999996,191.193000
0.44999999999999996,191.226000
0.44999999999999996,191.290000
0.44999999999999996,191.322000
0.44999999999999996,191.556000
0.44999999999999996,191.597000
0.44999999999999996,191.852000
0.44999999999999996,191.993000
0.44999999999999996,192.412000
0.44999999999999996,204.083000
0.44999999999999996,204.194000
0.44999999999999996,204.364000
0.44999999999999996,204.571000
0.44999999999999996,204.714000
0.44999999999999996,205.979000
0.44999999999999996,206.038000
0.44999999999999996,206.140000
0.44999999999999996,206.356000
0.44999999999999996,206.374000
0.5,211.241000
0.5,212.230000
0.5,212.980000
0.5,213.976000
0.5,214.270000
0.5,214.294000
0.5,214.377000
0.5,214.394000
0.5,214.403000
0.5,214.539000
0.5,214.560000
0.5,214.624000
0.5,214.648000
0.5,214.873000
0.5,214.891000
0.5,214.917000
0.5,214.938000
0.5,214.980000
0.5,215.036000
0.5,215.230000
0.5,215.336000
0.5,215.735000
0.5,216.131000
0.5,216.190000
0.5,216.344000
0.5,216.547000
0.5,216.612000
0.5,219.007000
0.5,248.201000
0.5,251.738000
0.5,260.088000
0.5,260.608000
0.5,260.756000
0.5,263.959000
0.5,264.606000
0.5,268.032000
0.5,268.066000
0.5,272.035000
0.5,279.487000
0.5,282.144000
0.5,282.391000
0.5,285.564000
0.5,285.634000
0.5,285.679000
0.5,285.910000
0.5,286.282000
0.5,286.417000
0.5,292.241000
0.5,295.187000
0.5,295.418000
0.5,295.595000
0.5,295.723000
0.5,295.736000
0.5,295.739000
0.5,295.757000
0.5,295.815000
0.5,295.823000
0.5,295.826000
0.5,295.845000
0.5,295.947000
0.5,295.984000
0.5,296.019000
0.5,296.022000
0.5,296.039000
0.5,296.042000
0.5,296.050000
0.5,296.059000
0.5,296.066000
0.5,296.073000
0.5,296.194000
0.5,296.223000
0.5,296.237000
0.5,296.254000
0.5,296.261000
0.5,296.274000
0.5,296.274000
0.5,296.299000
0.5,296.316000
0.5,296.322000
0.5,296.323000
0.5,296.335000
0.5,296.349000
0.5,296.363000
0.5,296.384000
0.5,296.491000
0.5,296.516000
0.5,296.600000
0.5,296.703000
0.5,296.824000
0.5,296.885000
0.5,297.010000
0.5,297.155000
0.5,298.371000
0.5,299.529000
0.5,300.850000
0.5,302.994000
0.5,309.341000
0.5,318.458000
0.5,324.991000
0.5,401.431000
0.5499999999999999,238.357000
0.5499999999999999,239.433000
0.5499999999999999,245.109000
0.5499999999999999,245.356000
0.5499999999999999,245.619000
0.5499999999999999,246.461000
0.5499999999999999,246.924000
0.5499999999999999,247.219000
0.5499999999999999,247.698000
0.5499999999999999,247.757000
0.5499999999999999,247.817000
0.5499999999999999,247.961000
0.5499999999999999,248.076000
0.5499999999999999,248.171000
0.5499999999999999,248.210000
0.5499999999999999,248.312000
0.5499999999999999,248.376000
0.5499999999999999,248.393000
0.5499999999999999,248.429000
0.5499999999999999,248.448000
0.5499999999999999,248.654000
0.5499999999999999,248.756000
0.5499999999999999,248.776000
0.5499999999999999,248.851000
0.5499999999999999,249.035000
0.5499999999999999,249.368000
0.5499999999999999,249.476000
0.5499999999999999,249.640000
0.5499999999999999,249.824000
0.5499999999999999,249.848000
0.5499999999999999,249.887000
0.5499999999999999,249.908000
0.5499999999999999,249.927000
0.5499999999999999,249.973000
0.5499999999999999,250.022000
0.5499999999999999,250.270000
0.5499999999999999,250.340000
0.5499999999999999,251.038000
0.5499999999999999,251.546000
0.5499999999999999,251.576000
0.5499999999999999,251.733000
0.5499999999999999,252.215000
0.5499999999999999,252.251000
0.5499999999999999,252.454000
0.5499999999999999,252.645000
0.5499999999999999,252.900000
0.5499999999999999,253.178000
0.5499999999999999,253.384000
0.5499999999999999,253.548000
0.5499999999999999,253.714000
0.5499999999999999,254.103000
0.5499999999999999,254.115000
0.5499999999999999,254.626000
0.5499999999999999,257.037000
0.5499999999999999,257.618000
0.5499999999999999,257.669000
0.5499999999999999,258.023000
0.5499999999999999,258.152000
0.5499999999999999,258.180000
0.5499999999999999,258.566000
0.5499999999999999,258.574000
0.5499999999999999,259.575000
0.5499999999999999,259.862000
0.5499999999999999,260.370000
0.5499999999999999,261.089000
0.5499999999999999,262.841000
0.5499999999999999,263.743000
0.5499999999999999,264.359000
0.5499999999999999,265.341000
0.5499999999999999,266.567000
0.5499999999999999,267.635000
0.5499999999999999,268.821000
0.5499999999999999,276.149000
0.5499999999999999,276.597000
0.5499999999999999,280.062000
0.5499999999999999,280.182000
0.5499999999999999,287.285000
0.5499999999999999,290.645000
0.5499999999999999,293.433000
0.5499999999999999,296.003000
0.5499999999999999,298.339000
0.5499999999999999,304.866000
0.5499999999999999,306.690000
0.5499999999999999,309.038000
0.5499999999999999,313.815000
0.5499999999999999,318.514000
0.5499999999999999,327.087000
0.5499999999999999,328.282000
0.5499999999999999,342.891000
0.5499999999999999,343.179000
0.5499999999999999,343.686000
0.5499999999999999,344.018000
0.5499999999999999,344.044000
0.5499999999999999,344.445000
0.5499999999999999,344.587000
0.5499999999999999,344.742000
0.5499999999999999,344.946000
0.5499999999999999,345.100000
0.5499999999999999,346.714000
0.5499999999999999,443.698000
0.6,314.895000
0.6,315.102000
0.6,315.633000
0.6,315.734000
0.6,315.826000
0.6,316.004000
0.6,316.171000
0.6,316.391000
0.6,316.553000
0.6,317.490000
0.6,318.417000
0.6,319.412000
0.6,321.035000
0.6,321.395000
0.6,324.125000
0.6,325.633000
0.6,326.084000
0.6,326.502000
0.6,327.407000
0.6,328.823000
0.6,329.152000
0.6,338.125000
0.6,338.456000
0.6,339.292000
0.6,340.156000
0.6,340.323000
0.6,341.400000
0.6,342.023000
0.6,342.445000
0.6,344.321000
0.6,346.024000
0.6,349.411000
0.6,349.927000
0.6,350.523000
0.6,351.565000
0.6,356.903000
0.6,357.139000
0.6,360.736000
0.6,361.711000
0.6,361.785000
0.6,363.620000
0.6,367.848000
0.6,368.283000
0.6,368.292000
0.6,371.360000
0.6,371.950000
0.6,375.720000
0.6,376.610000
0.6,377.907000
0.6,379.122000
0.6,379.396000
0.6,380.072000
0.6,382.377000
0.6,384.685000
0.6,385.909000
0.6,391.695000
0.6,392.487000
0.6,393.369000
0.6,393.661000
0.6,394.039000
0.6,395.435000
0.6,396.525000
0.6,397.093000
0.6,397.926000
0.6,398.519000
0.6,399.656000
0.6,400.039000
0.6,401.735000
0.6,402.712000
0.6,404.474000
0.6,404.874000
0.6,405.448000
0.6,407.472000
0.6,407.644000
0.6,407.866000
0.6,408.137000
0.6,408.595000
0.6,408.909000
0.6,411.918000
0.6,412.328000
0.6,412.394000
0.6,412.414000
0.6,412.974000
0.6,413.940000
0.6,414.683000
0.6,415.915000
0.6,416.168000
0.6,416.326000
0.6,418.825000
0.6,419.426000
0.6,419.876000
0.6,421.835000
0.6,424.717000
0.6,429.447000
0.6,430.726000
0.6,431.680000
0.6,433.265000
0.6,446.568000
0.6,451.963000
0.6,452.071000
0.6499999999999999,440.748000
0.6499999999999999,445.718000
0.6499999999999999,452.719000
0.6499999999999999,456.238000
0.6499999999999999,459.743000
0.6499999999999999,460.714000
0.6499999999999999,465.045000
0.6499999999999999,466.434000
0.6499999999999999,469.349000
0.6499999999999999,470.154000
0.6499999999999999,473.204000
0.6499999999999999,477.114000
0.6499999999999999,477.257000
0.6499999999999999,477.569000
0.6499999999999999,478.724000
0.6499999999999999,478.890000
0.6499999999999999,479.080000
0.6499999999999999,482.079000
0.6499999999999999,482.751000
0.6499999999999999,483.630000
0.6499999999999999,483.657000
0.6499999999999999,485.345000
0.6499999999999999,485.700000
0.6499999999999999,487.285000
0.6499999999999999,487.982000
0.6499999999999999,488.004000
0.6499999999999999,489.596000
0.6499999999999999,489.796000
0.6499999999999999,490.518000
0.6499999999999999,490.698000
0.6499999999999999,491.312000
0.6499999999999999,491.386000
0.6499999999999999,491.718000
0.6499999999999999,492.922000
0.6499999999999999,493.502000
0.6499999999999999,493.884000
0.6499999999999999,495.478000
0.6499999999999999,496.867000
0.6499999999999999,496.898000
0.6499999999999999,497.652000
0.6499999999999999,498.212000
0.6499999999999999,499.150000
0.6499999999999999,499.535000
0.6499999999999999,500.513000
0.6499999999999999,500.786000
0.6499999999999999,501.220000
0.6499999999999999,501.302000
0.6499999999999999,501.797000
0.6499999999999999,502.189000
0.6499999999999999,502.749000
0.6499999999999999,502.780000
0.6499999999999999,502.924000
0.6499999999999999,503.801000
0.6499999999999999,504.366000
0.6499999999999999,504.942000
0.6499999999999999,505.785000
0.6499999999999999,506.703000
0.6499999999999999,506.812000
0.6499999999999999,506.894000
0.6499999999999999,507.147000
0.6499999999999999,507.416000
0.6499999999999999,507.750000
0.6499999999999999,508.300000
0.6499999999999999,509.038000
0.6499999999999999,509.261000
0.6499999999999999,509.572000
0.6499999999999999,511.078000
0.6499999999999999,511.711000
0.6499999999999999,511.716000
0.6499999999999999,511.900000
0.6499999999999999,512.251000
0.6499999999999999,512.480000
0.6499999999999999,512.853000
0.6499999999999999,512.875000
0.6499999999999999,513.714000
0.6499999999999999,513.775000
0.6499999999999999,514.244000
0.6499999999999999,514.800000
0.6499999999999999,514.922000
0.6499999999999999,515.112000
0.6499999999999999,515.242000
0.6499999999999999,515.910000
0.6499999999999999,516.109000
0.6499999999999999,516.190000
0.6499999999999999,516.197000
0.6499999999999999,517.210000
0.6499999999999999,518.234000
0.6499999999999999,518.713000
0.6499999999999999,520.019000
0.6499999999999999,520.272000
0.6499999999999999,520.453000
0.6499999999999999,520.642000
0.6499999999999999,521.350000
0.6499999999999999,521.353000
0.6499999999999999,521.665000
0.6499999999999999,522.378000
0.6499999999999999,522.396000
0.6499999999999999,522.960000
0.6499999999999999,528.202000
0.6499999999999999,554.163000
0.7,479.945000
0.7,481.804000
0.7,510.798000
0.7,522.388000
0.7,525.317000
0.7,527.783000
0.7,528.324000
0.7,528.690000
0.7,531.210000
0.7,532.056000
0.7,533.556000
0.7,534.205000
0.7,534.601000
0.7,535.083000
0.7,536.238000
0.7,536.892000
0.7,537.601000
0.7,538.586000
0.7,540.181000
0.7,542.318000
0.7,542.980000
0.7,543.117000
0.7,545.651000
0.7,549.920000
0.7,573.627000
0.7,577.054000
0.7,584.766000
0.7,587.173000
0.7,587.286000
0.7,588.199000
0.7,590.314000
0.7,591.057000
0.7,592.525000
0.7,592.568000
0.7,592.739000
0.7,592.990000
0.7,593.645000
0.7,593.668000
0.7,594.058000
0.7,595.012000
0.7,596.025000
0.7,596.119000
0.7,596.932000
0.7,597.620000
0.7,597.820000
0.7,598.032000
0.7,598.564000
0.7,598.614000
0.7,598.877000
0.7,599.926000
0.7,599.961000
0.7,600.287000
0.7,600.375000
0.7,600.441000
0.7,600.777000
0.7,601.694000
0.7,601.747000
0.7,602.204000
0.7,603.148000
0.7,603.269000
0.7,603.487000
0.7,603.667000
0.7,603.812000
0.7,604.272000
0.7,604.880000
0.7,604.907000
0.7,605.153000
0.7,605.202000
0.7,605.413000
0.7,605.416000
0.7,605.989000
0.7,607.985000
0.7,608.568000
0.7,608.671000
0.7,608.813000
0.7,610.472000
0.7,610.544000
0.7,610.857000
0.7,611.140000
0.7,611.154000
0.7,616.311000
0.7,724.707000
0.7,726.312000
0.7,728.154000
0.7,728.824000
0.7,729.167000
0.7,729.528000
0.7,730.017000
0.7,730.585000
0.7,730.845000
0.7,731.095000
0.7,732.925000
0.7,733.633000
0.7,736.030000
0.7,738.495000
0.7,738.665000
0.7,738.802000
0.7,740.377000
0.7,740.848000
0.7,741.400000
0.7499999999999999,562.495000
0.7499999999999999,569.422000
0.7499999999999999,571.559000
0.7499999999999999,571.623000
0.7499999999999999,572.314000
0.7499999999999999,572.544000
0.7499999999999999,573.183000
0.7499999999999999,573.446000
0.7499999999999999,573.931000
0.7499999999999999,574.201000
0.7499999999999999,574.296000
0.7499999999999999,574.412000
0.7499999999999999,574.423000
0.7499999999999999,574.876000
0.7499999999999999,575.334000
0.7499999999999999,576.267000
0.7499999999999999,576.549000
0.7499999999999999,576.771000
0.7499999999999999,576.859000
0.7499999999999999,577.294000
0.7499999999999999,578.123000
0.7499999999999999,579.045000
0.7499999999999999,580.056000
0.7499999999999999,580.764000
0.7499999999999999,582.081000
0.7499999999999999,582.181000
0.7499999999999999,582.356000
0.7499999999999999,586.697000
0.7499999999999999,695.201000
0.7499999999999999,698.296000
0.7499999999999999,701.976000
0.7499999999999999,707.116000
0.7499999999999999,708.506000
0.7499999999999999,710.620000
0.7499999999999999,712.825000
0.7499999999999999,729.045000
0.7499999999999999,729.252000
0.7499999999999999,731.696000
0.7499999999999999,732.812000
0.7499999999999999,732.846000
0.7499999999999999,733.265000
0.7499999999999999,733.903000
0.7499999999999999,739.569000
0.7499999999999999,750.710000
0.7499999999999999,756.114000
0.7499999999999999,759.888000
0.7499999999999999,761.029000
0.7499999999999999,789.574000
0.7499999999999999,789.793000
0.7499999999999999,793.616000
0.7499999999999999,794.469000
0.7499999999999999,794.755000
0.7499999999999999,794.762000
0.7499999999999999,795.081000
0.7499999999999999,795.287000
0.7499999999999999,795.348000
0.7499999999999999,795.590000
0.7499999999999999,796.045000
0.7499999999999999,796.517000
0.7499999999999999,796.656000
0.7499999999999999,797.630000
0.7499999999999999,797.823000
0.7499999999999999,798.321000
0.7499999999999999,798.683000
0.7499999999999999,798.837000
0.7499999999999999,798.912000
0.7499999999999999,799.110000
0.7499999999999999,799.161000
0.7499999999999999,799.327000
0.7499999999999999,799.632000
0.7499999999999999,799.671000
0.7499999999999999,799.759000
0.7499999999999999,799.858000
0.7499999999999999,800.043000
0.7499999999999999,800.195000
0.7499999999999999,800.306000
0.7499999999999999,800.335000
0.7499999999999999,800.356000
0.7499999999999999,800.541000
0.7499999999999999,800.788000
0.7499999999999999,801.092000
0.7499999999999999,801.146000
0.7499999999999999,801.359000
0.7499999999999999,801.700000
0.7499999999999999,801.881000
0.7499999999999999,802.556000
0.7499999999999999,803.555000
0.7499999999999999,803.567000
0.7499999999999999,803.727000
0.7499999999999999,804.150000
0.7499999999999999,804.178000
0.7499999999999999,804.622000
0.7499999999999999,804.694000
0.7499999999999999,805.125000
0.7499999999999999,805.500000
0.7499999999999999,814.192000
0.7499999999999999,830.057000
0.7499999999999999,832.064000
0.7499999999999999,837.372000
0.7499999999999999,843.155000
0.7999999999999999,630.722000
0.7999999999999999,631.447000
0.7999999999999999,631.775000
0.7999999999999999,632.758000
0.7999999999999999,632.916000
0.7999999999999999,633.935000
0.7999999999999999,634.164000
0.7999999999999999,634.804000
0.7999999999999999,634.956000
0.7999999999999999,635.510000
0.7999999999999999,635.714000
0.7999999999999999,636.111000
0.7999999999999999,636.412000
0.7999999999999999,636.734000
0.7999999999999999,636.806000
0.7999999999999999,636.884000
0.7999999999999999,637.318000
0.7999999999999999,637.828000
0.7999999999999999,638.239000
0.7999999999999999,638.308000
0.7999999999999999,638.531000
0.7999999999999999,638.768000
0.7999999999999999,639.459000
0.7999999999999999,639.890000
0.7999999999999999,640.500000
0.7999999999999999,640.586000
0.7999999999999999,640.819000
0.7999999999999999,641.099000
0.7999999999999999,641.319000
0.7999999999999999,641.348000
0.7999999999999999,641.508000
0.7999999999999999,642.300000
0.7999999999999999,642.349000
0.7999999999999999,642.388000
0.7999999999999999,642.417000
0.7999999999999999,642.764000
0.7999999999999999,643.813000
0.7999999999999999,644.296000
0.7999999999999999,644.577000
0.7999999999999999,644.999000
0.7999999999999999,645.296000
0.7999999999999999,645.852000
0.7999999999999999,646.199000
0.7999999999999999,646.247000
0.7999999999999999,646.545000
0.7999999999999999,646.592000
0.7999999999999999,647.328000
0.7999999999999999,648.155000
0.7999999999999999,648.333000
0.7999999999999999,648.432000
0.7999999999999999,649.471000
0.7999999999999999,650.337000
0.7999999999999999,650.359000
0.7999999999999999,650.636000
0.7999999999999999,652.312000
0.7999999999999999,652.615000
0.7999999999999999,653.012000
0.7999999999999999,653.522000
0.7999999999999999,654.020000
0.7999999999999999,659.280000
0.7999999999999999,673.889000
0.7999999999999999,674.985000
0.7999999999999999,675.209000
0.7999999999999999,678.336000
0.7999999999999999,679.969000
0.7999999999999999,680.533000
0.7999999999999999,682.433000
0.7999999999999999,682.591000
0.7999999999999999,683.390000
0.7999999999999999,685.379000
0.7999999999999999,686.280000
0.7999999999999999,686.494000
0.7999999999999999,896.999000
0.7999999999999999,897.740000
0.7999999999999999,899.760000
0.7999999999999999,899.882000
0.7999999999999999,901.959000
0.7999999999999999,902.453000
0.7999999999999999,904.896000
0.7999999999999999,905.277000
0.7999999999999999,910.979000
0.7999999999999999,915.430000
0.7999999999999999,937.953000
0.7999999999999999,943.347000
0.7999999999999999,945.313000
0.7999999999999999,956.392000
0.7999999999999999,959.979000
0.7999999999999999,960.381000
0.7999999999999999,962.537000
0.7999999999999999,962.870000
0.7999999999999999,963.295000
0.7999999999999999,965.044000
0.7999999999999999,967.008000
0.7999999999999999,968.757000
0.7999999999999999,969.802000
0.7999999999999999,970.190000
0.7999999999999999,970.457000
0.7999999999999999,971.531000
0.7999999999999999,972.089000
0.7999999999999999,974.689000
0.8499999999999999,814.017000
0.8499999999999999,817.400000
0.8499999999999999,817.432000
0.8499999999999999,817.743000
0.8499999999999999,818.043000
0.8499999999999999,818.103000
0.8499999999999999,818.187000
0.8499999999999999,818.525000
0.8499999999999999,818.743000
0.8499999999999999,819.430000
0.8499999999999999,819.784000
0.8499999999999999,821.008000
0.8499999999999999,821.116000
0.8499999999999999,821.741000
0.8499999999999999,822.120000
0.8499999999999999,822.388000
0.8499999999999999,823.369000
0.8499999999999999,824.317000
0.8499999999999999,825.448000
0.8499999999999999,879.694000
0.8499999999999999,881.746000
0.8499999999999999,885.090000
0.8499999999999999,885.277000
0.8499999999999999,885.418000
0.8499999999999999,886.607000
0.8499999999999999,890.095000
0.8499999999999999,890.533000
0.8499999999999999,892.022000
0.8499999999999999,892.601000
0.8499999999999999,893.000000
0.8499999999999999,893.882000
0.8499999999999999,894.294000
0.8499999999999999,894.630000
0.8499999999999999,896.252000
0.8499999999999999,896.513000
0.8499999999999999,896.803000
0.8499999999999999,897.074000
0.8499999999999999,897.347000
0.8499999999999999,897.481000
0.8499999999999999,897.489000
0.8499999999999999,897.529000
0.8499999999999999,897.870000
0.8499999999999999,898.174000
0.8499999999999999,898.218000
0.8499999999999999,898.320000
0.8499999999999999,898.418000
0.8499999999999999,898.550000
0.8499999999999999,898.696000
0.8499999999999999,898.949000
0.8499999999999999,898.993000
0.8499999999999999,899.500000
0.8499999999999999,899.561000
0.8499999999999999,899.599000
0.8499999999999999,899.704000
0.8499999999999999,899.762000
0.8499999999999999,899.864000
0.8499999999999999,900.129000
0.8499999999999999,900.245000
0.8499999999999999,900.354000
0.8499999999999999,900.368000
0.8499999999999999,900.399000
0.8499999999999999,900.466000
0.8499999999999999,900.701000
0.8499999999999999,900.848000
0.8499999999999999,901.282000
0.8499999999999999,901.723000
0.8499999999999999,901.730000
0.8499999999999999,901.732000
0.8499999999999999,902.210000
0.8499999999999999,902.693000
0.8499999999999999,902.909000
0.8499999999999999,903.055000
0.8499999999999999,903.300000
0.8499999999999999,903.913000
0.8499999999999999,904.352000
0.8499999999999999,905.179000
0.8499999999999999,906.703000
0.8499999999999999,907.305000
0.8499999999999999,908.257000
0.8499999999999999,908.504000
0.8499999999999999,909.851000
0.8499999999999999,910.231000
0.8499999999999999,911.152000
0.8499999999999999,911.275000
0.8499999999999999,911.707000
0.8499999999999999,911.919000
0.8499999999999999,912.013000
0.8499999999999999,912.295000
0.8499999999999999,912.545000
0.8499999999999999,912.553000
0.8499999999999999,912.837000
0.8499999999999999,912.988000
0.8499999999999999,913.161000
0.8499999999999999,913.457000
0.8499999999999999,913.975000
0.8499999999999999,914.032000
0.8499999999999999,914.926000
0.8499999999999999,915.825000
0.8499999999999999,916.721000
0.8499999999999999,919.381000
0.8999999999999999,816.067000
0.8999999999999999,817.952000
0.8999999999999999,819.444000
0.8999999999999999,821.085000
0.8999999999999999,821.370000
0.8999999999999999,823.392000
0.8999999999999999,824.524000
0.8999999999999999,824.859000
0.8999999999999999,825.091000
0.8999999999999999,825.290000
0.8999999999999999,826.647000
0.8999999999999999,826.903000
0.8999999999999999,827.322000
0.8999999999999999,827.487000
0.8999999999999999,827.901000
0.8999999999999999,828.050000
0.8999999999999999,828.651000
0.8999999999999999,831.155000
0.8999999999999999,832.625000
0.8999999999999999,832.836000
0.8999999999999999,833.315000
0.8999999999999999,834.967000
0.8999999999999999,835.399000
0.8999999999999999,835.593000
0.8999999999999999,836.719000
0.8999999999999999,836.918000
0.8999999999999999,837.223000
0.8999999999999999,838.437000
0.8999999999999999,838.595000
0.8999999999999999,838.879000
0.8999999999999999,839.123000
0.8999999999999999,839.294000
0.8999999999999999,839.717000
0.8999999999999999,839.753000
0.8999999999999999,839.806000
0.8999999999999999,840.270000
0.8999999999999999,840.589000
0.8999999999999999,840.999000
0.8999999999999999,841.721000
0.8999999999999999,841.890000
0.8999999999999999,842.049000
0.8999999999999999,842.397000
0.8999999999999999,842.641000
0.8999999999999999,842.840000
0.8999999999999999,843.303000
0.8999999999999999,843.659000
0.8999999999999999,844.318000
0.8999999999999999,844.437000
0.8999999999999999,844.564000
0.8999999999999999,845.113000
0.8999999999999999,845.201000
0.8999999999999999,845.480000
0.8999999999999999,848.104000
0.8999999999999999,848.554000
0.8999999999999999,848.598000
0.8999999999999999,850.619000
0.8999999999999999,851.297000
0.8999999999999999,851.590000
0.8999999999999999,852.305000
0.8999999999999999,854.101000
0.8999999999999999,854.294000
0.8999999999999999,857.178000
0.8999999999999999,857.463000
0.8999999999999999,858.084000
0.8999999999999999,858.924000
0.8999999999999999,859.189000
0.8999999999999999,861.837000
0.8999999999999999,863.643000
0.8999999999999999,865.955000
0.8999999999999999,900.010000
0.8999999999999999,943.486000
0.8999999999999999,944.331000
0.8999999999999999,948.622000
0.8999999999999999,948.954000
0.8999999999999999,951.039000
0.8999999999999999,957.057000
0.8999999999999999,958.570000
0.8999999999999999,960.226000
0.8999999999999999,1034.950000
0.8999999999999999,1036.420000
0.8999999999999999,1036.670000
0.8999999999999999,1109.330000
0.8999999999999999,1110.530000
0.8999999999999999,1112.340000
0.8999999999999999,1130.710000
0.8999999999999999,1131.770000
0.8999999999999999,1137.100000
0.8999999999999999,1154.830000
0.8999999999999999,1155.880000
0.8999999999999999,1156.500000
0.8999999999999999,1157.850000
0.8999999999999999,1158.490000
0.8999999999999999,1159.320000
0.8999999999999999,1163.370000
0.8999999999999999,1163.790000
0.8999999999999999,1176.360000
0.8999999999999999,1181.560000
0.8999999999999999,1181.660000
0.8999999999999999,1187.700000
0.8999999999999999,1206.680000
0.95,943.907000
0.95,946.638000
0.95,948.459000
0.95,956.215000
0.95,960.583000
0.95,960.629000
0.95,961.349000
0.95,962.054000
0.95,1002.170000
0.95,1063.930000
0.95,1066.260000
0.95,1066.450000
0.95,1066.800000
0.95,1068.280000
0.95,1068.740000
0.95,1069.040000
0.95,1069.900000
0.95,1070.260000
0.95,1070.850000
0.95,1072.160000
0.95,1072.340000
0.95,1072.660000
0.95,1074.170000
0.95,1074.490000
0.95,1074.890000
0.95,1074.900000
0.95,1075.110000
0.95,1075.650000
0.95,1075.950000
0.95,1075.990000
0.95,1076.630000
0.95,1076.770000
0.95,1076.860000
0.95,1078.070000
0.95,1078.090000
0.95,1078.110000
0.95,1078.430000
0.95,1078.470000
0.95,1078.640000
0.95,1078.780000
0.95,1078.840000
0.95,1078.890000
0.95,1078.950000
0.95,1079.570000
0.95,1079.600000
0.95,1079.750000
0.95,1079.750000
0.95,1079.820000
0.95,1079.820000
0.95,1080.030000
0.95,1080.310000
0.95,1080.850000
0.95,1082.310000
0.95,1082.510000
0.95,1082.970000
0.95,1083.280000
0.95,1083.580000
0.95,1084.050000
0.95,1084.120000
0.95,1084.180000
0.95,1084.210000
0.95,1084.310000
0.95,1084.430000
0.95,1086.450000
0.95,1086.740000
0.95,1086.990000
0.95,1087.000000
0.95,1087.350000
0.95,1087.610000
0.95,1087.930000
0.95,1088.290000
0.95,1090.610000
0.95,1097.850000
0.95,1111.720000
0.95,1114.750000
0.95,1114.870000
0.95,1116.290000
0.95,1117.360000
0.95,1117.580000
0.95,1117.640000
0.95,1118.970000
0.95,1119.840000
0.95,1125.260000
0.95,1220.960000
0.95,1226.790000
0.95,1315.250000
0.95,1323.230000
0.95,1324.360000
0.95,1325.220000
0.95,1345.840000
0.95,1346.940000
0.95,1347.990000
0.95,1352.790000
0.95,1354.140000
0.95,1356.730000
0.95,1360.280000
0.95,1361.650000
0.95,1364.990000
0.95,1369.300000
0.95,1371.090000
0.9999999999999999,1076.430000
0.9999999999999999,1084.770000
0.9999999999999999,1084.890000
0.9999999999999999,1091.010000
0.9999999999999999,1091.680000
0.9999999999999999,1092.850000
0.9999999999999999,1093.300000
0.9999999999999999,1094.950000
0.9999999999999999,1095.160000
0.9999999999999999,1096.610000
0.9999999999999999,1097.270000
0.9999999999999999,1099.070000
0.9999999999999999,1099.310000
0.9999999999999999,1099.640000
0.9999999999999999,1101.200000
0.9999999999999999,1101.350000
0.9999999999999999,1103.330000
0.9999999999999999,1103.760000
0.9999999999999999,1103.770000
0.9999999999999999,1105.080000
0.9999999999999999,1105.720000
0.9999999999999999,1120.260000
0.9999999999999999,1133.760000
0.9999999999999999,1135.430000
0.9999999999999999,1224.080000
0.9999999999999999,1227.300000
0.9999999999999999,1227.480000
0.9999999999999999,1231.850000
0.9999999999999999,1232.580000
0.9999999999999999,1233.480000
0.9999999999999999,1234.770000
0.9999999999999999,1234.870000
0.9999999999999999,1237.490000
0.9999999999999999,1238.320000
0.9999999999999999,1238.580000
0.9999999999999999,1239.350000
0.9999999999999999,1240.510000
0.9999999999999999,1241.460000
0.9999999999999999,1242.190000
0.9999999999999999,1242.290000
0.9999999999999999,1242.510000
0.9999999999999999,1244.240000
0.9999999999999999,1245.450000
0.9999999999999999,1246.060000
0.9999999999999999,1247.200000
0.9999999999999999,1248.090000
0.9999999999999999,1249.780000
0.9999999999999999,1249.940000
0.9999999999999999,1250.830000
0.9999999999999999,1251.420000
0.9999999999999999,1253.530000
0.9999999999999999,1254.410000
0.9999999999999999,1255.010000
0.9999999999999999,1256.620000
0.9999999999999999,1256.890000
0.9999999999999999,1258.300000
0.9999999999999999,1258.390000
0.9999999999999999,1262.790000
0.9999999999999999,1263.290000
0.9999999999999999,1263.640000
0.9999999999999999,1263.840000
0.9999999999999999,1265.350000
0.9999999999999999,1265.930000
0.9999999999999999,1265.950000
0.9999999999999999,1267.640000
0.9999999999999999,1267.840000
0.9999999999999999,1268.740000
0.9999999999999999,1270.170000
0.9999999999999999,1270.730000
0.9999999999999999,1274.080000
0.9999999999999999,1281.660000
0.9999999999999999,1320.080000
0.9999999999999999,1335.050000
0.9999999999999999,1335.670000
0.9999999999999999,1336.720000
0.9999999999999999,1337.960000
0.9999999999999999,1340.170000
0.9999999999999999,1346.940000
0.9999999999999999,1354.260000
0.9999999999999999,1358.520000
0.9999999999999999,1361.210000
0.9999999999999999,1365.670000
0.9999999999999999,1366.850000
0.9999999999999999,1378.870000
0.9999999999999999,1622.860000
0.9999999999999999,1627.990000
0.9999999999999999,1630.910000
0.9999999999999999,1631.640000
0.9999999999999999,1634.570000
0.9999999999999999,1637.350000
0.9999999999999999,1637.420000
0.9999999999999999,1638.520000
0.9999999999999999,1645.880000
0.9999999999999999,1647.880000
0.9999999999999999,1651.880000
0.9999999999999999,1652.290000
0.9999999999999999,1654.770000
0.9999999999999999,1658.600000
0.9999999999999999,1658.770000
0.9999999999999999,1666.240000
1.05,1369.670000
1.05,1372.910000
1.05,1375.100000
1.05,1376.300000
1.05,1378.090000
1.05,1379.670000
1.05,1379.900000
1.05,1381.010000
1.05,1381.330000
1.05,1381.520000
1.05,1381.820000
1.05,1383.430000
1.05,1383.870000
1.05,1385.630000
1.05,1386.010000
1.05,1386.580000
1.05,1387.460000
1.05,1387.680000
1.05,1387.700000
1.05,1388.900000
1.05,1389.060000
1.05,1389.770000
1.05,1390.120000
1.05,1390.920000
1.05,1392.710000
1.05,1392.860000
1.05,1392.880000
1.05,1393.260000
1.05,1393.570000
1.05,1394.010000
1.05,1395.020000
1.05,1396.260000
1.05,1398.050000
1.05,1403.350000
1.05,1405.720000
1.05,1408.820000
1.05,1411.130000
1.05,1411.510000
1.05,1412.360000
1.05,1436.650000
1.05,1438.710000
1.05,1462.540000
1.05,1472.500000
1.05,1507.590000
1.05,1514.830000
1.05,1522.070000
1.05,1528.820000
1.05,1544.100000
1.05,1545.820000
1.05,1546.260000
1.05,1548.420000
1.05,1550.910000
1.05,1558.070000
1.05,1563.980000
1.05,1578.770000
1.05,1611.090000
1.05,1617.640000
1.05,1620.460000
1.05,1621.230000
1.05,1659.150000
1.05,1686.990000
1.05,1689.830000
1.05,1698.120000
1.05,1703.900000
1.05,1708.980000
1.05,1735.830000
1.05,1821.320000
1.05,1855.920000
1.05,1861.380000
1.05,1861.550000
1.05,1862.000000
1.05,1862.760000
1.05,1863.290000
1.05,1863.840000
1.05,1865.140000
1.05,1865.350000
1.05,1866.260000
1.05,1866.530000
1.05,1866.540000
1.05,1866.570000
1.05,1869.190000
1.05,1869.880000
1.05,1870.600000
1.05,1872.430000
1.05,1872.810000
1.05,1873.130000
1.05,1873.130000
1.05,1876.710000
1.05,1877.060000
1.05,1878.010000
1.05,1878.280000
1.05,1879.450000
1.05,1879.920000
1.05,1880.090000
1.05,1882.820000
1.05,1893.590000
1.05,1916.210000
1.05,1963.440000
1.05,2069.950000
1.05,2122.310000
1.0999999999999999,1520.060000
1.0999999999999999,1526.740000
1.0999999999999999,1529.400000
1.0999999999999999,1541.230000
1.0999999999999999,1549.060000
1.0999999999999999,1554.260000
1.0999999999999999,1583.960000
1.0999999999999999,1587.330000
1.0999999999999999,1593.830000
1.0999999999999999,1596.340000
1.0999999999999999,1597.060000
1.0999999999999999,1597.480000
1.0999999999999999,1605.300000
1.0999999999999999,1606.860000
1.0999999999999999,1610.810000
1.0999999999999999,1611.940000
1.0999999999999999,1640.560000
1.0999999999999999,1659.140000
1.0999999999999999,1751.640000
1.0999999999999999,1760.590000
1.0999999999999999,1772.070000
1.0999999999999999,1828.700000
1.0999999999999999,1832.200000
1.0999999999999999,1842.950000
1.0999999999999999,1850.440000
1.0999999999999999,1851.340000
1.0999999999999999,1862.740000
1.0999999999999999,1895.560000
1.0999999999999999,1896.180000
1.0999999999999999,1899.900000
1.0999999999999999,1901.780000
1.0999999999999999,1902.580000
1.0999999999999999,1942.980000
1.0999999999999999,1962.110000
1.0999999999999999,1963.210000
1.0999999999999999,1971.690000
1.0999999999999999,2054.420000
1.0999999999999999,2054.760000
1.0999999999999999,2084.190000
1.0999999999999999,2093.360000
1.0999999999999999,2095.050000
1.0999999999999999,2105.300000
1.0999999999999999,2108.250000
1.0999999999999999,2109.970000
1.0999999999999999,2129.650000
1.0999999999999999,2130.080000
1.0999999999999999,2131.410000
1.0999999999999999,2131.530000
1.0999999999999999,2133.340000
1.0999999999999999,2134.010000
1.0999999999999999,2135.290000
1.0999999999999999,2138.610000
1.0999999999999999,2141.660000
1.0999999999999999,2142.160000
1.0999999999999999,2143.010000
1.0999999999999999,2143.100000
1.0999999999999999,2144.580000
1.0999999999999999,2145.040000
1.0999999999999999,2145.260000
1.0999999999999999,2146.050000
1.0999999999999999,2148.040000
1.0999999999999999,2149.450000
1.0999999999999999,2149.840000
1.0999999999999999,2150.380000
1.0999999999999999,2151.420000
1.0999999999999999,2151.520000
1.0999999999999999,2151.570000
1.0999999999999999,2151.750000
1.0999999999999999,2153.650000
1.0999999999999999,2156.590000
1.0999999999999999,2156.740000
1.0999999999999999,2158.240000
1.0999999999999999,2159.570000
1.0999999999999999,2159.910000
1.0999999999999999,2159.950000
1.0999999999999999,2174.440000
1.0999999999999999,2204.590000
1.0999999999999999,2228.320000
1.0999999999999999,2231.240000
1.0999999999999999,2240.740000
1.0999999999999999,2254.240000
1.0999999999999999,2267.570000
1.0999999999999999,2270.360000
1.0999999999999999,2272.410000
1.0999999999999999,2288.360000
1.0999999999999999,2317.570000
1.0999999999999999,2421.010000
1.0999999999999999,2443.160000
1.0999999999999999,2456.900000
1.0999999999999999,2494.580000
1.0999999999999999,2520.270000
1.0999999999999999,2583.480000
1.0999999999999999,2598.810000
1.0999999999999999,2647.100000
1.0999999999999999,2685.190000
1.0999999999999999,2752.580000
1.0999999999999999,2755.690000
1.0999999999999999,2808.180000
1.0999999999999999,2828.100000
1.0999999999999999,2856.760000
1.15,1973.170000
1.15,1998.740000
1.15,2001.400000
1.15,2037.310000
1.15,2046.840000
1.15,2050.800000
1.15,2056.700000
1.15,2058.050000
1.15,2059.590000
1.15,2066.390000
1.15,2069.350000
1.15,2074.020000
1.15,2078.130000
1.15,2084.100000
1.15,2084.490000
1.15,2085.910000
1.15,2087.290000
1.15,2120.530000
1.15,2134.160000
1.15,2165.150000
1.15,2169.820000
1.15,2178.760000
1.15,2195.420000
1.15,2206.670000
1.15,2218.670000
1.15,2226.220000
1.15,2238.490000
1.15,2240.030000
1.15,2240.740000
1.15,2241.360000
1.15,2241.680000
1.15,2254.580000
1.15,2255.580000
1.15,2259.520000
1.15,2279.140000
1.15,2283.330000
1.15,2286.240000
1.15,2315.670000
1.15,2320.790000
1.15,2322.910000
1.15,2339.940000
1.15,2344.410000
1.15,2352.350000
1.15,2360.580000
1.15,2367.260000
1.15,2373.930000
1.15,2377.250000
1.15,2402.830000
1.15,2414.160000
1.15,2419.090000
1.15,2425.140000
1.15,2447.840000
1.15,2455.970000
1.15,2458.090000
1.15,2470.570000
1.15,2472.370000
1.15,2483.590000
1.15,2484.710000
1.15,2507.520000
1.15,2513.280000
1.15,2517.310000
1.15,2519.100000
1.15,2519.180000
1.15,2521.510000
1.15,2533.920000
1.15,2535.940000
1.15,2543.660000
1.15,2548.550000
1.15,2553.950000
1.15,2558.000000
1.15,2565.500000
1.15,2571.130000
1.15,2592.430000
1.15,2595.940000
1.15,2596.540000
1.15,2600.520000
1.15,2609.830000
1.15,2627.640000
1.15,2635.690000
1.15,2644.290000
1.15,2653.210000
1.15,2655.300000
1.15,2657.500000
1.15,2662.530000
1.15,2669.740000
1.15,2682.630000
1.15,2692.540000
1.15,2694.750000
1.15,2705.380000
1.15,2706.340000
1.15,2742.320000
1.15,2747.660000
1.15,2791.380000
1.15,2836.180000
1.15,2905.630000
1.15,2910.220000
1.15,3088.550000
1.15,3096.590000
1.15,3099.020000
1.15,3318.780000
1.2,2424.010000
1.2,2445.650000
1.2,2514.300000
1.2,2515.400000
1.2,2528.170000
1.2,2529.140000
1.2,2533.550000
1.2,2549.800000
1.2,2588.490000
1.2,2594.460000
1.2,2599.670000
1.2,2601.630000
1.2,2602.820000
1.2,2603.900000
1.2,2604.850000
1.2,2617.950000
1.2,2627.570000
1.2,2651.230000
1.2,2655.620000
1.2,2674.730000
1.2,2687.590000
1.2,2688.440000
1.2,2694.500000
1.2,2699.100000
1.2,2701.430000
1.2,2702.190000
1.2,2708.340000
1.2,2711.730000
1.2,2717.950000
1.2,2727.740000
1.2,2747.630000
1.2,2749.980000
1.2,2751.140000
1.2,2757.300000
1.2,2758.340000
1.2,2759.120000
1.2,2763.990000
1.2,2771.160000
1.2,2778.760000
1.2,2785.450000
1.2,2786.450000
1.2,2805.650000
1.2,2806.660000
1.2,2820.170000
1.2,2825.390000
1.2,2829.700000
1.2,2836.140000
1.2,2846.160000
1.2,2848.250000
1.2,2861.810000
1.2,2872.150000
1.2,2874.190000
1.2,2881.840000
1.2,2882.560000
1.2,2891.750000
1.2,2899.420000
1.2,2908.160000
1.2,2909.080000
1.2,2915.660000
1.2,2925.460000
1.2,2926.830000
1.2,2933.560000
1.2,2938.140000
1.2,2941.160000
1.2,2946.960000
1.2,2953.770000
1.2,2961.340000
1.2,2971.750000
1.2,2977.270000
1.2,2980.970000
1.2,3003.120000
1.2,3006.940000
1.2,3015.850000
1.2,3020.010000
1.2,3022.190000
1.2,3032.370000
1.2,3039.370000
1.2,3040.340000
1.2,3058.050000
1.2,3062.120000
1.2,3072.620000
1.2,3076.450000
1.2,3077.980000
1.2,3103.930000
1.2,3140.420000
1.2,3140.860000
1.2,3175.680000
1.2,3182.320000
1.2,3190.880000
1.2,3213.630000
1.2,3226.310000
1.2,3255.630000
1.2,3258.000000
1.2,3276.100000
1.2,3312.940000
1.2,3338.380000
1.2,3534.600000
1.2,3591.370000
1.2,3775.670000
1.2,3796.940000
1.25,2924.040000
1.25,3079.550000
1.25,3089.660000
1.25,3134.160000
1.25,3135.260000
1.25,3143.210000
1.25,3156.920000
1.25,3176.660000
1.25,3189.200000
1.25,3189.400000
1.25,3190.730000
1.25,3195.860000
1.25,3196.840000
1.25,3196.920000
1.25,3203.370000
1.25,3231.950000
1.25,3237.000000
1.25,3242.870000
1.25,3248.570000
1.25,3250.610000
1.25,3256.690000
1.25,3258.110000
1.25,3258.430000
1.25,3259.270000
1.25,3259.540000
1.25,3265.640000
1.25,3268.530000
1.25,3271.670000
1.25,3287.580000
1.25,3292.080000
1.25,3298.550000
1.25,3299.610000
1.25,3302.230000
1.25,3313.790000
1.25,3317.880000
1.25,3317.900000
1.25,3323.710000
1.25,3325.480000
1.25,3329.180000
1.25,3331.630000
1.25,3336.950000
1.25,3341.310000
1.25,3348.180000
1.25,3354.710000
1.25,3364.470000
1.25,3372.150000
1.25,3383.560000
1.25,3384.300000
1.25,3386.060000
1.25,3389.080000
1.25,3395.080000
1.25,3424.480000
1.25,3444.020000
1.25,3449.620000
1.25,3481.220000
1.25,3511.490000
1.25,3521.670000
1.25,3537.500000
1.25,3572.800000
1.25,3574.180000
1.25,3596.030000
1.25,3620.740000
1.25,3651.030000
1.25,3651.590000
1.25,3670.190000
1.25,3670.490000
1.25,3687.600000
1.25,3690.980000
1.25,3710.430000
1.25,3712.760000
1.25,3713.300000
1.25,3725.810000
1.25,3734.960000
1.25,3736.570000
1.25,3738.610000
1.25,3740.120000
1.25,3740.340000
1.25,3757.030000
1.25,3760.880000
1.25,3774.060000
1.25,3782.550000
1.25,3815.470000
1.25,4156.010000
1.25,4261.480000
1.25,4287.940000
1.25,4303.010000
1.25,4324.160000
1.25,4366.920000
1.25,4378.860000
1.25,4380.890000
1.25,4392.380000
1.25,4418.020000
1.25,4440.520000
1.25,4458.770000
1.25,4461.420000
1.25,4469.990000
1.25,4470.730000
1.25,4520.730000
1.25,4529.590000
1.25,4594.630000
1.3,3691.560000
1.3,3709.600000
1.3,3717.300000
1.3,3726.940000
1.3,3736.010000
1.3,3744.900000
1.3,3750.130000
1.3,3750.840000
1.3,3752.160000
1.3,3759.500000
1.3,3768.350000
1.3,3771.850000
1.3,3784.180000
1.3,3798.080000
1.3,3801.390000
1.3,3804.050000
1.3,3811.870000
1.3,3813.640000
1.3,3815.430000
1.3,3817.120000
1.3,3825.880000
1.3,3827.130000
1.3,3831.050000
1.3,3832.050000
1.3,3833.340000
1.3,3835.380000
1.3,3839.650000
1.3,3845.690000
1.3,3846.020000
1.3,3849.210000
1.3,3855.100000
1.3,3856.580000
1.3,3867.770000
1.3,3870.930000
1.3,3872.920000
1.3,3872.980000
1.3,3878.010000
1.3,3880.100000
1.3,3889.230000
1.3,3890.350000
1.3,3891.390000
1.3,3891.490000
1.3,3891.740000
1.3,3897.320000
1.3,3911.380000
1.3,3912.000000
1.3,3983.480000
1.3,3987.720000
1.3,4043.970000
1.3,4073.110000
1.3,4074.750000
1.3,4082.700000
1.3,4141.210000
1.3,4196.690000
1.3,4269.040000
1.3,4296.560000
1.3,4307.290000
1.3,4316.090000
1.3,4333.410000
1.3,4368.370000
1.3,4370.070000
1.3,4405.700000
1.3,4518.750000
1.3,4580.030000
1.3,4600.260000
1.3,4612.860000
1.3,4631.520000
1.3,4637.340000
1.3,4647.160000
1.3,4651.640000
1.3,4653.640000
1.3,4672.040000
1.3,4977.260000
1.3,4996.200000
1.3,5012.540000
1.3,5035.460000
1.3,5036.950000
1.3,5042.860000
1.3,5044.270000
1.3,5046.390000
1.3,5067.470000
1.3,5075.160000
1.3,5086.850000
1.3,5104.090000
1.3,5109.820000
1.3,5116.510000
1.3,5116.870000
1.3,5119.180000
1.3,5120.280000
1.3,5121.340000
1.3,5129.530000
1.3,5138.360000
1.3,5153.520000
1.3,5155.110000
1.3,5165.640000
1.3,5170.400000
1.3,5173.470000
1.3,5186.710000
1.3,5197.190000
1.3,5197.510000
1.35,3946.260000
1.35,3962.510000
1.35,4004.660000
1.35,4009.670000
1.35,4013.790000
1.35,4018.790000
1.35,4029.530000
1.35,4039.430000
1.35,4053.220000
1.35,4054.980000
1.35,4058.040000
1.35,4059.040000
1.35,4063.510000
1.35,4067.240000
1.35,4088.490000
1.35,4091.010000
1.35,4094.740000
1.35,4096.740000
1.35,4105.610000
1.35,4117.000000
1.35,4131.410000
1.35,4146.720000
1.35,4419.150000
1.35,4431.300000
1.35,4450.930000
1.35,4480.250000
1.35,4495.460000
1.35,4499.570000
1.35,4508.750000
1.35,4516.500000
1.35,4519.950000
1.35,4539.270000
1.35,4546.320000
1.35,4549.200000
1.35,4557.420000
1.35,4560.380000
1.35,4560.770000
1.35,4568.010000
1.35,4575.580000
1.35,4580.770000
1.35,4581.890000
1.35,4584.560000
1.35,4585.070000
1.35,4586.300000
1.35,4590.370000
1.35,4593.500000
1.35,4594.890000
1.35,4597.700000
1.35,4598.660000
1.35,4600.140000
1.35,4600.930000
1.35,4603.210000
1.35,4605.950000
1.35,4607.750000
1.35,4608.240000
1.35,4608.920000
1.35,4610.650000
1.35,4613.540000
1.35,4637.180000
1.35,4639.540000
1.35,4640.080000
1.35,4643.130000
1.35,4660.950000
1.35,4703.200000
1.35,4730.370000
1.35,4837.040000
1.35,4913.860000
1.35,4956.400000
1.35,5054.670000
1.35,5088.030000
1.35,5300.090000
1.35,5324.280000
1.35,5345.500000
1.35,5364.000000
1.35,5377.720000
1.35,5388.180000
1.35,5398.700000
1.35,5414.970000
1.35,5426.830000
1.35,5431.870000
1.35,5437.750000
1.35,5440.670000
1.35,5449.500000
1.35,5453.830000
1.35,5456.330000
1.35,5464.620000
1.35,5475.510000
1.35,5491.580000
1.35,5496.100000
1.35,5514.390000
1.35,5516.360000
1.35,5588.060000
1.35,5616.520000
1.35,5737.570000
1.35,5808.360000
1.35,5817.490000
1.35,5818.470000
1.35,5826.560000
1.35,5833.660000
1.35,5939.880000
1.4,4478.720000
1.4,4479.740000
1.4,4527.690000
1.4,4578.780000
1.4,4591.040000
1.4,4598.500000
1.4,4599.400000
1.4,4601.270000
1.4,4627.990000
1.4,4634.310000
1.4,4648.490000
1.4,4651.400000
1.4,4691.380000
1.4,5070.890000
1.4,5170.410000
1.4,5186.450000
1.4,5187.480000
1.4,5197.790000
1.4,5198.930000
1.4,5199.880000
1.4,5207.160000
1.4,5220.540000
1.4,5225.900000
1.4,5226.530000
1.4,5234.820000
1.4,5234.920000
1.4,5236.600000
1.4,5243.410000
1.4,5246.210000
1.4,5248.940000
1.4,5252.820000
1.4,5253.460000
1.4,5254.840000
1.4,5266.460000
1.4,5266.920000
1.4,5268.010000
1.4,5269.550000
1.4,5273.230000
1.4,5274.460000
1.4,5275.370000
1.4,5276.610000
1.4,5278.370000
1.4,5278.460000
1.4,5279.840000
1.4,5287.720000
1.4,5288.080000
1.4,5289.100000
1.4,5289.570000
1.4,5291.720000
1.4,5293.270000
1.4,5294.910000
1.4,5296.930000
1.4,5300.410000
1.4,5302.560000
1.4,5305.670000
1.4,5305.900000
1.4,5310.070000
1.4,5313.410000
1.4,5314.800000
1.4,5316.230000
1.4,5317.440000
1.4,5322.600000
1.4,5324.790000
1.4,5329.880000
1.4,5330.210000
1.4,5334.250000
1.4,5337.800000
1.4,5347.290000
1.4,5354.370000
1.4,5355.020000
1.4,5356.340000
1.4,5382.020000
1.4,5396.090000
1.4,5421.120000
1.4,5664.990000
1.4,5743.350000
1.4,5758.240000
1.4,5841.320000
1.4,5844.930000
1.4,6233.910000
1.4,6239.150000
1.4,6281.750000
1.4,6282.430000
1.4,6290.310000
1.4,6297.300000
1.4,6304.940000
1.4,6309.390000
1.4,6315.940000
1.4,6320.560000
1.4,6326.220000
1.4,6334.640000
1.4,6339.670000
1.4,6343.540000
1.4,6353.580000
1.4,6378.290000
1.4,6391.560000
1.4,6395.950000
1.4,6398.600000
1.4,6406.800000
1.4,6429.900000
1.45,5176.430000
1.45,5286.920000
1.45,5380.860000
1.45,5381.760000
1.45,5417.250000
1.45,5417.550000
1.45,5441.230000
1.45,5452.160000
1.45,5460.640000
1.45,5460.820000
1.45,5471.300000
1.45,5478.120000
1.45,5490.210000
1.45,5506.750000
1.45,5509.290000
1.45,5517.860000
1.45,5523.070000
1.45,5523.760000
1.45,5540.290000
1.45,5544.720000
1.45,5544.920000
1.45,5548.060000
1.45,5559.080000
1.45,5954.550000
1.45,5955.260000
1.45,5957.410000
1.45,5963.320000
1.45,5986.780000
1.45,5993.650000
1.45,5998.820000
1.45,6001.060000
1.45,6004.110000
1.45,6005.440000
1.45,6013.550000
1.45,6013.670000
1.45,6023.250000
1.45,6023.940000
1.45,6026.660000
1.45,6034.440000
1.45,6044.260000
1.45,6047.010000
1.45,6047.410000
1.45,6048.480000
1.45,6048.510000
1.45,6050.840000
1.45,6053.020000
1.45,6055.720000
1.45,6056.050000
1.45,6068.190000
1.45,6072.150000
1.45,6072.520000
1.45,6075.030000
1.45,6075.910000
1.45,6076.570000
1.45,6078.020000
1.45,6080.080000
1.45,6081.010000
1.45,6081.050000
1.45,6083.390000
1.45,6084.220000
1.45,6088.970000
1.45,6092.680000
1.45,6093.700000
1.45,6095.090000
1.45,6096.510000
1.45,6099.890000
1.45,6103.970000
1.45,6122.410000
1.45,6123.620000
1.45,6128.340000
1.45,6129.920000
1.45,6146.980000
1.45,6894.100000
1.45,7017.270000
1.45,7027.780000
1.45,7071.840000
1.45,7093.360000
1.45,7097.040000
1.45,7135.730000
1.45,7158.960000
1.45,7188.650000
1.45,7201.220000
1.45,7237.990000
1.45,7331.250000
1.45,7546.720000
1.45,7547.650000
1.45,7587.150000
1.45,7589.530000
1.45,7604.710000
1.45,7638.020000
1.45,7644.400000
1.45,7648.530000
1.45,7654.470000
1.45,7654.910000
1.45,7655.060000
1.45,7659.090000
1.45,7676.220000
1.45,7684.150000
1.45,7718.120000
1.45,7719.680000
1.5,5917.930000
1.5,5932.960000
1.5,5945.640000
1.5,5956.410000
1.5,5960.610000
1.5,5967.690000
1.5,5975.040000
1.5,5976.700000
1.5,5977.650000
1.5,5988.720000
1.5,5990.880000
1.5,5992.860000
1.5,5998.250000
1.5,5999.360000
1.5,6003.950000
1.5,6006.120000
1.5,6011.310000
1.5,6016.900000
1.5,6021.860000
1.5,6027.440000
1.5,6035.470000
1.5,6036.750000
1.5,6040.250000
1.5,6048.040000
1.5,6054.130000
1.5,6060.950000
1.5,6061.950000
1.5,6063.420000
1.5,6071.300000
1.5,6072.220000
1.5,6076.520000
1.5,6077.310000
1.5,6077.950000
1.5,6079.970000
1.5,6084.370000
1.5,6085.280000
1.5,6089.740000
1.5,6092.280000
1.5,6105.100000
1.5,6107.760000
1.5,6108.550000
1.5,6110.000000
1.5,6113.170000
1.5,6121.670000
1.5,6125.010000
1.5,6125.150000
1.5,6125.930000
1.5,6126.320000
1.5,6127.210000
1.5,6128.620000
1.5,6135.480000
1.5,6145.840000
1.5,6147.310000
1.5,6154.640000
1.5,6161.910000
1.5,6167.480000
1.5,6169.440000
1.5,6186.360000
1.5,6193.280000
1.5,6205.960000
1.5,6229.530000
1.5,6284.790000
1.5,6295.260000
1.5,6340.570000
1.5,6664.850000
1.5,6796.210000
1.5,6823.250000
1.5,6837.910000
1.5,6900.120000
1.5,6931.290000
1.5,6935.190000
1.5,6938.960000
1.5,6948.370000
1.5,6972.150000
1.5,7321.990000
1.5,7486.560000
1.5,7676.370000
1.5,7750.060000
1.5,7766.010000
1.5,7784.330000
1.5,7788.900000
1.5,7803.520000
1.5,7834.100000
1.5,7905.090000
1.5,7949.520000
1.5,7959.690000
1.5,7996.340000
1.5,8029.310000
1.5,8029.810000
1.5,8070.740000
1.5,8197.920000
1.5,8235.220000
1.5,8274.810000
1.5,8302.540000
1.5,8316.280000
1.5,8347.690000
1.5,8427.550000
1.5,8444.330000
1.5,8444.850000
1.5,8489.420000
