beta,Tsteps,steps,n_mpi_processes,stepsPerMeasurement,total_updates,total_mean_q,total_max_q,total_mean_sign,total_std_sign,total_mean_A,total_std_A,total_mean_A2,total_std_A2,total_mean_A_tau_A,total_std_A_tau_A,total_mean_A_Eint,total_std_A_Eint,total_mean_A_Fint,total_std_A_Fint,therm_pass_A,therm_pass_A2,therm_pass_A_tau_A,therm_pass_A_Eint,therm_pass_A_Fint,total_elapsed_cpu_time,wall_clock_time,elapsed_time_rank0,elapsed_time_rank1,elapsed_time_rank2,elapsed_time_rank3,elapsed_time_rank4,elapsed_time_rank5
0.1,100000,1000000,6,10,6000000,0.0002,2.0,1.0,0.0,-0.000334910716,0.00965073403,1.48113524,0.0878749982,1.48305804,0.0888696966,0.148663126,0.0090080438,0.00185409287,0.000111134819,1,1,1,1,1,30.812362,5.144744,5.14049,5.13375,5.13359,5.1381,5.13603,5.13041
0.506122,100000,1000000,6,10,6000000,0.00492333333,2.0,1.0,0.0,0.0114275688,0.0119544356,1.60347077,0.0194966649,1.55236083,0.0170478352,0.7946296,0.00924305478,0.0498199776,0.000550341907,1,1,1,1,1,32.419234,5.416135,5.40258,5.40065,5.40183,5.41154,5.40116,5.40146
0.912245,100000,1000000,6,10,6000000,0.01444,4.0,1.0,0.0,0.00303075902,0.0131414022,1.69893229,0.063499772,1.77460117,0.178697597,2.08356353,0.472470996,0.1873704,0.020109013,1,1,0,0,0,38.557168,7.001225,5.8494,6.27565,6.99691,5.84587,6.67518,6.91416
1.31837,100000,1000000,6,10,6000000,0.0280966667,4.0,1.0,0.0,-0.0258644113,0.0130744196,3.83129362,1.20792581,1.93543905,0.222810121,2.92923322,0.437621216,0.442861982,0.0594375991,1,1,1,1,1,42.989914,7.44298,7.21173,6.92242,7.16327,7.43834,7.234,7.02015
1.72449,100000,1000000,6,10,6000000,0.0452783333,6.0,0.999996667,3.33333333e-06,0.0022247379,0.0123712641,2.9865179,0.983131006,1.58527562,0.0495159706,3.02734794,0.216260511,0.614693773,0.0341857288,1,0,1,1,1,48.361582,8.223575,8.08938,8.091,8.04835,8.17192,7.74182,8.21911
10.2531,100000,1000000,6,10,6000000,1.10621,10.0,0.99977,6.92565866e-05,-0.0780451839,0.011580122,2.76262826,0.0890735823,1.07947035,0.00575728007,12.4688871,0.0862478493,14.5256534,0.0742919966,1,1,1,1,1,417.616861,74.069305,63.934,69.1719,74.0653,69.7468,69.9374,70.7616
10.6592,100000,1000000,6,10,6000000,1.17624667,10.0,0.999776667,0.000144860024,-0.0726527677,0.0102474283,2.71712305,0.0845449202,1.04527474,0.0055414346,12.6306942,0.0785959312,15.220817,0.0774211017,1,1,1,1,1,539.25049,95.64185,95.6379,87.1928,89.3104,86.7695,90.7723,89.5676
11.0653,100000,1000000,6,10,6000000,1.24797333,10.0,0.99978,4.41307538e-05,-0.112480213,0.0102855098,2.58119032,0.0664983105,1.02001268,0.00516688712,12.8909429,0.0920554369,16.02,0.0783885142,1,1,0,1,0,585.784641,99.10932,98.0141,96.6664,99.105,96.2279,97.1953,98.576
11.4714,100000,1000000,6,10,6000000,1.29449667,14.0,0.99973,0.000107751553,-0.110503672,0.0103599194,2.52025321,0.0646357548,0.998130648,0.00501230062,13.0932479,0.0835829388,16.8587965,0.0811095089,0,1,1,1,1,638.392887,122.492304,106.351,103.58,122.489,105.217,100.481,100.275
11.8776,100000,1000000,6,10,6000000,1.37781167,10.0,0.999856667,3.3996745e-05,-0.09740141,0.0102052409,2.62077819,0.0714807113,0.975581757,0.00630650574,13.2516941,0.0953606948,17.70421,0.108586307,1,1,1,1,1,667.515247,117.026167,107.204,108.528,110.447,112.99,111.324,117.022
12.2837,100000,1000000,6,10,6000000,1.464125,10.0,0.9997,8.73273141e-05,-0.108287155,0.0114617939,2.68589204,0.0733202438,0.957471188,0.00548877374,13.8116401,0.103309705,18.6251923,0.100638093,0,0,0,1,1,711.217251,124.56564,124.561,115.072,117.372,114.103,119.273,120.835
12.6898,100000,1000000,6,10,6000000,1.52155667,12.0,0.99974,0.000134750832,-0.111239423,0.00983979045,2.78034476,0.0770478831,0.926953022,0.0049680464,13.6370313,0.0927808755,19.2694876,0.0981192481,0,1,1,1,1,757.369795,136.02804,119.426,136.024,117.773,130.695,127.972,125.481
13.0959,100000,1000000,6,10,6000000,1.57312833,10.0,0.999626667,0.00010444302,-0.125038832,0.0112323071,2.67136891,0.0706569426,0.911254314,0.00518854545,14.0098699,0.108051006,20.1870243,0.108421158,0,1,1,1,1,782.22266,133.808882,127.232,133.009,125.601,132.848,129.728,133.804
13.502,100000,1000000,6,10,6000000,1.678515,12.0,0.9998,4.90425964e-05,-0.121219259,0.00983322877,2.70108409,0.0651458508,0.8802711,0.00552657057,14.0919871,0.104416675,20.7984468,0.122804272,0,1,1,1,1,843.302724,153.988822,137.763,138.349,135.757,139.446,153.985,138.003
13.9082,100000,1000000,6,10,6000000,1.73951167,12.0,0.999773333,9.79203658e-05,-0.10880531,0.0100169759,2.67755973,0.0843390396,0.86665022,0.00597791806,14.2174767,0.110913026,21.7454043,0.142636636,0,0,1,0,1,956.377914,188.977611,148.261,152.212,154.192,188.971,158.65,154.091
14.3143,100000,1000000,6,10,6000000,1.80976667,10.0,0.99971,7.62171795e-05,-0.137816997,0.0100595168,2.64187117,0.0559023337,0.832592764,0.005142499,14.326594,0.0948352851,22.1821471,0.127044744,1,1,1,1,1,975.115904,167.043691,159.305,165.564,167.039,159.166,163.283,160.759
14.7204,100000,1000000,6,10,6000000,1.85762167,12.0,0.999756667,6.57639688e-05,-0.136103742,0.0102340869,2.54964368,0.0544773163,0.823019557,0.00530229282,14.4426652,0.0960198343,23.1914948,0.1379138,1,1,0,0,0,1016.50195,177.2944,167.372,170.831,177.29,166.873,167.934,166.202
15.1265,100000,1000000,6,10,6000000,1.93426667,12.0,0.99968,6.70617477e-05,-0.120500072,0.00985614905,2.75753013,0.0648128005,0.804834896,0.00490392743,14.7130642,0.100544927,24.0338337,0.135368152,1,1,1,1,1,1076.20384,193.266151,182.011,169.607,179.609,177.271,174.444,193.262
15.5327,100000,1000000,6,10,6000000,2.02285,12.0,0.99951,0.000149987505,-0.120972038,0.00951336235,2.61868219,0.0589481339,0.783781233,0.00504005475,14.8787123,0.109679034,24.7272442,0.144470111,1,1,1,1,1,1168.77955,218.487486,180.927,188.117,218.483,212.644,184.918,183.691
15.9388,100000,1000000,6,10,6000000,2.084965,14.0,0.999803333,5.16436663e-05,-0.117779654,0.00963327545,2.67984064,0.0691866028,0.769698991,0.00546715498,15.0452349,0.123500257,25.6010624,0.166959729,1,1,1,1,1,1268.11672,235.79858,202.492,199.565,235.795,219.628,206.261,204.376
16.3449,100000,1000000,6,10,6000000,2.16762167,12.0,0.999393333,0.000138339099,-0.136915906,0.00998279751,2.68295308,0.0625958903,0.747171684,0.00540172321,15.1363538,0.117800401,26.2093651,0.175161039,1,1,1,1,1,1252.70249,220.209874,220.205,207.055,204.634,209.958,211.423,199.427
16.751,100000,1000000,6,10,6000000,2.201855,14.0,0.999476667,0.0001136787,-0.123808106,0.0090959251,2.57501809,0.0685528893,0.734629164,0.00642603168,15.2707138,0.119049158,27.0808361,0.213877873,1,1,1,1,1,1319.80762,244.412859,223.552,204.874,244.408,242.422,200.142,204.41
17.1571,100000,1000000,6,10,6000000,2.29054333,14.0,0.99962,0.000107194144,-0.134474292,0.0096971463,2.62421006,0.0552038542,0.711968545,0.00497472116,15.3189408,0.107660868,27.6119552,0.175400723,1,0,1,1,1,1366.94501,250.514565,209.188,245.091,250.51,236.521,210.039,215.596
17.5633,100000,1000000,6,10,6000000,2.376815,14.0,0.999626667,0.000119020245,-0.14623406,0.00978707918,2.73072959,0.0688207508,0.691921759,0.00850313795,15.4621005,0.143343376,28.1942131,0.30178295,0,1,0,1,0,1511.05637,268.04959,268.045,225.179,245.139,251.487,255.305,265.901
17.9694,100000,1000000,6,10,6000000,2.41511833,12.0,0.999296667,0.000178399474,-0.142345081,0.0100347269,2.72646291,0.0659084907,0.67825673,0.00590944991,15.4924064,0.131535972,28.9886937,0.229892234,1,1,0,1,0,1546.45109,278.817672,258.549,272.536,261.316,278.813,218.969,256.269
18.3755,100000,1000000,6,10,6000000,2.49948,12.0,0.999483333,9.90190621e-05,-0.145511872,0.00959342077,2.70161688,0.0596383939,0.656064625,0.005190901,15.4407607,0.105212967,29.4307142,0.206554762,1,1,1,1,1,1489.64985,270.508306,270.504,218.356,231.952,253.559,255.717,259.562
18.7816,100000,1000000,6,10,6000000,2.54942333,12.0,0.99959,0.000110194546,-0.14138782,0.00907804858,2.70843149,0.0558842882,0.653351858,0.00607314549,15.76493,0.129784296,30.6122468,0.25447208,1,1,1,1,1,1462.24339,274.818719,233.762,217.598,238.427,263.499,234.143,274.815
19.1878,100000,1000000,6,10,6000000,2.64135333,14.0,0.999293333,0.000209070957,-0.124345077,0.00919051624,2.7504173,0.0623043295,0.631732123,0.00488942911,15.883422,0.105325926,31.0107875,0.210592879,0,1,1,1,1,1627.42468,287.114425,264.879,278.321,269.57,259.072,287.11,268.474
19.5939,100000,1000000,6,10,6000000,2.72261333,14.0,0.999186667,0.000258238982,-0.137153055,0.00992740378,2.59326689,0.0570505256,0.604061952,0.00502527423,15.7451136,0.120109951,31.073162,0.231570114,1,1,1,1,1,1670.22279,294.848854,292.027,294.845,282.454,256.298,290.792,253.806
2.13061,100000,1000000,6,10,6000000,0.06631,4.0,1.0,0.0,-0.0324593235,0.0120370718,2.58129616,0.244381973,1.54712101,0.0186648551,3.97811973,0.191836219,0.907485631,0.0163449331,1,1,1,1,1,54.171975,9.115535,8.86964,8.98678,9.04495,9.08409,9.11174,9.07479
2.53674,100000,1000000,6,10,6000000,0.0932333333,6.0,1.0,0.0,-0.0097735148,0.01244884,2.32361631,0.163180903,1.52014469,0.0115493124,4.1838151,0.0960067387,1.25083671,0.0132203588,1,1,1,1,1,59.403569,10.041298,9.90397,9.80106,9.87641,10.0374,9.86268,9.92209
2.94286,100000,1000000,6,10,6000000,0.12172,6.0,0.99998,1.04857482e-05,-0.00707629529,0.0107900004,2.12477691,0.108958675,1.45481821,0.00763235468,4.55793079,0.0583166291,1.60310267,0.0104122263,1,1,0,1,0,64.630027,10.818209,10.8088,10.8008,10.765,10.6373,10.8039,10.8143
20.0,100000,1000000,6,10,6000000,2.75612167,15.0,0.999033333,0.000215983373,-0.144831017,0.00980252705,2.73955696,0.0549511635,0.60413112,0.00526187363,15.9876804,0.125500123,32.3616337,0.248145348,1,1,1,1,1,1784.03126,321.283425,258.267,304.426,315.049,297.275,321.279,287.734
3.34898,100000,1000000,6,10,6000000,0.156076667,6.0,0.99998,9.36159424e-06,-0.0299567729,0.0118189891,2.53934792,0.125682628,1.45333141,0.00820392231,5.40890952,0.0973149827,2.08982833,0.0142349984,1,1,0,1,1,71.918758,12.18154,12.1473,11.9198,12.1776,11.9683,11.7813,11.9244
3.7551,100000,1000000,6,10,6000000,0.191408333,6.0,0.999966667,2.74613842e-05,-0.0425062083,0.0117752825,2.72842394,0.179976676,1.43893972,0.0126524527,6.02100988,0.110298721,2.60224804,0.0267452239,0,1,1,1,1,86.755387,14.785298,14.4162,14.7814,14.3607,14.3047,14.3253,14.5672
4.16122,100000,1000000,6,10,6000000,0.233221667,6.0,0.999993333,4.70456973e-06,-0.0547086445,0.0122568197,2.47566279,0.137516192,1.42274825,0.00822940075,6.53381561,0.099001033,3.14080257,0.0199796933,1,1,1,1,1,97.615621,16.586063,16.1297,16.5821,15.9149,16.093,16.4873,16.4085
4.56735,100000,1000000,6,10,6000000,0.278818333,6.0,0.999946667,2.43102071e-05,-0.0266232386,0.0128207509,2.70186954,0.158972324,1.40310142,0.00631932164,6.93887342,0.0653647231,3.73873993,0.0191550085,0,1,1,1,1,109.390284,18.571462,18.0631,18.1965,18.4859,17.7542,18.3231,18.5675
4.97347,100000,1000000,6,10,6000000,0.32274,6.0,0.999976667,1.285105e-05,-0.048338238,0.0115595538,2.37760014,0.0877110814,1.36366582,0.00738684131,7.32944041,0.0694049876,4.28720492,0.0239624534,1,1,1,1,1,121.591097,20.481752,20.4776,20.0113,19.9019,20.3639,20.4157,20.4207
5.37959,100000,1000000,6,10,6000000,0.375591667,6.0,0.999873333,6.44393665e-05,-0.0614899634,0.0107397901,2.59630383,0.0984637647,1.35053479,0.00554680107,7.91673263,0.061144818,4.97690432,0.0209210813,0,1,1,1,1,134.849649,23.029656,22.6783,23.0257,22.3997,22.2014,22.5003,22.0443
5.78571,100000,1000000,6,10,6000000,0.42153,8.0,0.99997,1.36393923e-05,-0.0451458899,0.0117928292,2.77107511,0.12106722,1.34776431,0.00641518826,8.64079915,0.0943051991,5.74732907,0.0286070248,1,1,1,0,1,162.255104,29.574673,27.8433,26.5865,29.5701,27.4439,25.8154,24.9958
6.19184,100000,1000000,6,10,6000000,0.4793,8.0,0.99996,1.6165145e-05,-0.0479442667,0.0120510146,2.56820883,0.111799685,1.30838908,0.00692502709,8.7924421,0.058904826,6.37726443,0.0342181058,1,1,1,1,1,181.877329,31.981864,31.2594,31.9776,30.6942,29.3382,28.7759,29.8321
6.59796,100000,1000000,6,10,6000000,0.53822,10.0,0.99995,2.11505304e-05,-0.0577216,0.0113566385,2.52309216,0.0815000772,1.29015409,0.00580351,9.28381193,0.0696407234,7.13858841,0.0323516632,1,1,1,1,1,219.518943,39.181545,39.1775,38.1882,37.1286,33.215,34.1271,37.6825
7.00408,100000,1000000,6,10,6000000,0.600575,8.0,0.999933333,2.37117902e-05,-0.0670705889,0.0106744471,2.60580295,0.0886183054,1.28084917,0.00684167188,9.94082905,0.105224502,7.98936031,0.0423104128,1,1,1,1,1,226.511993,40.110499,34.1493,38.9478,34.5365,40.1069,39.7682,39.0032
7.4102,100000,1000000,6,10,6000000,0.654321667,10.0,0.99994,1.78945296e-05,-0.0717328862,0.0113622848,2.69345871,0.101826332,1.23377666,0.00627558216,10.1300297,0.0846783312,8.62511684,0.0436254582,1,1,1,1,1,236.538091,42.925298,37.4385,39.2111,39.0196,42.9214,41.1402,36.8074
7.81633,100000,1000000,6,10,6000000,0.731801667,8.0,0.999893333,3.16693087e-05,-0.0504558243,0.0105411062,2.57771578,0.0698837409,1.21605088,0.00533064624,10.4774021,0.0680082127,9.45857118,0.0413413752,1,1,1,1,1,266.957351,48.66797,48.664,40.2329,44.9714,44.9926,47.692,40.4045
8.22245,100000,1000000,6,10,6000000,0.770866667,8.0,0.99986,4.10352424e-05,-0.0705102032,0.0117530863,2.60401994,0.0832102671,1.18295837,0.00633924076,10.7629923,0.0806375393,10.1883159,0.0539255057,1,1,1,1,1,299.276166,52.629967,49.2929,49.907,52.626,48.6512,49.2449,49.5543
8.62857,100000,1000000,6,10,6000000,0.847506667,10.0,0.999813333,6.96981443e-05,-0.0683678078,0.0103242611,2.58417232,0.0795128102,1.17346728,0.00761736722,11.2050332,0.101706748,11.1320854,0.0712275162,0,1,1,1,1,316.671329,55.85958,50.8743,55.8557,53.1947,51.0609,53.249,52.4368
9.03469,100000,1000000,6,10,6000000,0.900961667,8.0,0.99983,5.11575076e-05,-0.0812640601,0.0110587538,2.74598785,0.0909281023,1.15799153,0.00754266585,11.6854389,0.106028589,12.0560393,0.0772303019,0,1,1,1,1,350.344599,60.264222,60.2602,59.0163,58.0053,56.9255,57.0107,59.1265
9.44082,100000,1000000,6,10,6000000,0.975585,10.0,0.999863333,4.14856846e-05,-0.0971919592,0.011029462,2.66051552,0.0828962197,1.12669267,0.00624218703,11.8366111,0.0945658657,12.8218221,0.0712618561,1,1,1,1,1,375.629095,66.621085,61.2675,66.6171,63.864,64.7721,60.709,58.3994
9.84694,100000,1000000,6,10,6000000,1.05176,10.0,0.999853333,5.47045939e-05,-0.0980756776,0.0104508683,2.54662015,0.0692687189,1.08803164,0.00565359254,12.0467319,0.0745663167,13.4861381,0.0677717787,1,1,1,1,1,398.247654,69.361126,69.3572,64.6255,66.0111,62.9959,67.6961,67.5619
