filename,kind,beta,Tsteps,steps,nprocs,rank0_time_s,rank1_time_s,rank2_time_s,rank3_time_s,rank4_time_s,rank5_time_s,total_mean_q,total_max_q,total_mean_sgnW,total_std_sgnW,wall_clock_seconds,total_elapsed_cpu_seconds
tfim_nomeas_beta_0.1.txt,nomeas,0.1,1000000,10000000,6,4.7418,4.68784,4.70008,4.6686,4.76055,4.69142,0.158433333,6.0,1.0,0.0,4.76084,28.250279
tfim_nomeas_beta_0.16551724.txt,nomeas,0.165517,1000000,10000000,6,5.7115,5.73421,5.70594,5.70282,5.71122,5.71237,0.419066667,8.0,1.0,0.0,5.734505,34.27807
tfim_nomeas_beta_0.23103448.txt,nomeas,0.231034,1000000,10000000,6,6.88319,6.87293,6.8585,6.91068,6.88059,6.87358,0.7884,10.0,1.0,0.0,6.910925,41.279482
tfim_nomeas_beta_0.29655172.txt,nomeas,0.296552,1000000,10000000,6,8.09936,8.12071,10.1876,11.2014,8.09826,8.14328,1.25473333,14.0,1.0,0.0,11.201747,53.850586
tfim_nomeas_beta_0.36206897.txt,nomeas,0.362069,1000000,10000000,6,14.5554,14.7246,14.111,12.5566,13.8393,11.8527,1.74086667,12.0,1.0,0.0,14.724882,81.639652
tfim_nomeas_beta_0.42758621.txt,nomeas,0.427586,1000000,10000000,6,17.4743,17.7593,17.8009,17.4157,17.538,17.0274,2.27543333,16.0,1.0,0.0,17.801085,105.01558
tfim_nomeas_beta_0.49310345.txt,nomeas,0.493103,1000000,10000000,6,21.5305,21.5489,21.5405,21.295,21.54,21.3603,2.79366667,16.0,1.0,0.0,21.549238,128.815254
tfim_nomeas_beta_0.55862069.txt,nomeas,0.558621,1000000,10000000,6,24.4556,24.3412,24.433,24.3576,24.5351,24.3999,3.27123333,18.0,1.0,0.0,24.535389,146.522515
tfim_nomeas_beta_0.62413793.txt,nomeas,0.624138,1000000,10000000,6,28.0846,28.0519,28.0347,28.0469,28.155,28.048,3.73823333,18.0,1.0,0.0,28.155303,168.421149
tfim_nomeas_beta_0.68965517.txt,nomeas,0.689655,1000000,10000000,6,31.133,31.1712,31.0726,31.0967,31.1799,31.2545,4.149,22.0,1.0,0.0,31.254767,186.907838
tfim_nomeas_beta_0.75517241.txt,nomeas,0.755172,1000000,10000000,6,34.186,34.2679,34.1494,34.131,34.2065,34.0787,4.51736667,22.0,1.0,0.0,34.268114,205.019451
tfim_nomeas_beta_0.82068966.txt,nomeas,0.82069,1000000,10000000,6,38.2709,38.3098,38.1441,38.1246,38.358,38.0421,4.8801,22.0,1.0,0.0,38.358262,229.24952
tfim_nomeas_beta_0.8862069.txt,nomeas,0.886207,1000000,10000000,6,41.3278,41.461,41.4264,41.5356,41.3633,41.2809,5.25373333,26.0,1.0,0.0,41.53584,248.39497
tfim_nomeas_beta_0.95172414.txt,nomeas,0.951724,1000000,10000000,6,63.7012,44.2508,43.8839,44.0418,44.0071,43.9384,5.60946667,24.0,1.0,0.0,63.701474,283.823339
tfim_nomeas_beta_1.01724138.txt,nomeas,1.01724,1000000,10000000,6,47.5412,47.7677,47.7426,47.9198,47.7373,47.6329,5.929,26.0,1.0,0.0,47.920107,286.341456
tfim_nomeas_beta_1.08275862.txt,nomeas,1.08276,1000000,10000000,6,50.5284,50.2852,50.8077,71.9853,50.4557,50.5373,6.3178,26.0,1.0,0.0,71.985557,324.599576
tfim_nomeas_beta_1.14827586.txt,nomeas,1.14828,1000000,10000000,6,52.536,72.7063,53.0662,70.7681,52.4338,63.7501,6.7123,28.0,1.0,0.0,72.706589,365.260513
tfim_nomeas_beta_1.2137931.txt,nomeas,1.21379,1000000,10000000,6,55.4935,55.3489,71.4094,75.8283,73.2061,55.4308,7.0616,26.0,1.0,0.0,75.828545,386.71686
tfim_nomeas_beta_1.27931034.txt,nomeas,1.27931,1000000,10000000,6,87.3619,58.4965,81.7757,58.6961,77.6184,76.8492,7.42103333,30.0,1.0,0.0,87.362128,440.797711
tfim_nomeas_beta_1.34482759.txt,nomeas,1.34483,1000000,10000000,6,59.5039,83.7481,69.2296,78.8966,89.0884,90.708,7.74893333,30.0,1.0,0.0,90.708323,471.174683
tfim_nomeas_beta_1.41034483.txt,nomeas,1.41034,1000000,10000000,6,91.3762,85.9192,89.4812,93.6184,81.6143,97.0494,8.18293333,32.0,1.0,0.0,97.049697,539.058761
tfim_nomeas_beta_1.47586207.txt,nomeas,1.47586,1000000,10000000,6,94.8595,100.101,100.997,98.6744,96.3378,97.8109,8.5093,32.0,1.0,0.0,100.996811,588.78073
tfim_nomeas_beta_1.54137931.txt,nomeas,1.54138,1000000,10000000,6,92.3457,98.8289,91.998,105.191,105.319,103.627,8.9067,30.0,1.0,0.0,105.3196,597.309406
tfim_nomeas_beta_1.60689655.txt,nomeas,1.6069,1000000,10000000,6,112.699,111.298,113.59,111.578,114.038,109.829,9.27713333,32.0,1.0,0.0,114.038198,673.032497
tfim_nomeas_beta_1.67241379.txt,nomeas,1.67241,1000000,10000000,6,117.62,116.173,115.361,115.097,117.388,117.267,9.68736667,38.0,1.0,0.0,117.620039,698.904662
tfim_nomeas_beta_1.73793103.txt,nomeas,1.73793,1000000,10000000,6,122.536,123.104,124.918,123.732,123.653,122.433,10.0193667,32.0,1.0,0.0,124.918582,740.377263
tfim_nomeas_beta_1.80344828.txt,nomeas,1.80345,1000000,10000000,6,127.53,129.567,129.889,128.96,129.653,130.177,10.3922,34.0,1.0,0.0,130.176919,775.776109
tfim_nomeas_beta_1.86896552.txt,nomeas,1.86897,1000000,10000000,6,142.998,144.505,143.504,140.41,143.251,144.197,10.7903667,36.0,1.0,0.0,144.505419,858.864598
tfim_nomeas_beta_1.93448276.txt,nomeas,1.93448,1000000,10000000,6,147.229,148.958,149.534,148.124,150.712,149.794,11.2027333,34.0,1.0,0.0,150.712086,894.351312
tfim_nomeas_beta_2.0.txt,nomeas,2,1000000,10000000,6,158.186,156.958,160.009,157.902,157.849,157.404,11.5556,36.0,1.0,0.0,160.009236,948.308148
tfim_nomeas_beta_4.0.txt,nomeas,4,1000000,10000000,6,413.921,423.571,581.055,409.06,412.29,553.544,23.2375333,58.0,1.0,0.0,581.055187,2793.44109
tfim_esus_beta_0.1.txt,esus,0.1,1000000,10000000,6,4.74876,4.68716,4.69811,4.65491,4.75741,4.69562,0.158433333,6.0,1.0,0.0,4.759757,28.241988
tfim_esus_beta_0.16551724.txt,esus,0.165517,1000000,10000000,6,5.58608,5.61763,5.59163,5.58586,5.57696,5.57189,0.419066667,8.0,1.0,0.0,5.620163,33.53004
tfim_esus_beta_0.23103448.txt,esus,0.231034,1000000,10000000,6,6.77954,6.75449,6.74595,6.77023,6.77929,6.75441,0.7884,10.0,1.0,0.0,6.782229,40.583916
tfim_esus_beta_0.29655172.txt,esus,0.296552,1000000,10000000,6,7.99263,7.96637,9.9386,10.8786,7.98017,8.00797,1.25473333,14.0,1.0,0.0,10.880541,52.764316
tfim_esus_beta_0.36206897.txt,esus,0.362069,1000000,10000000,6,13.8887,14.049,13.4522,12.0571,13.2086,11.4282,1.74086667,12.0,1.0,0.0,14.050936,78.083794
tfim_esus_beta_0.42758621.txt,esus,0.427586,1000000,10000000,6,17.1322,17.3978,17.5078,17.1014,17.2244,16.6588,2.27543333,16.0,1.0,0.0,17.510021,103.02243
tfim_esus_beta_0.49310345.txt,esus,0.493103,1000000,10000000,6,21.664,21.7362,21.6941,21.3965,21.6479,21.4566,2.79366667,16.0,1.0,0.0,21.738231,129.595386
tfim_esus_beta_0.55862069.txt,esus,0.558621,1000000,10000000,6,24.2916,24.1189,24.2081,24.1311,24.2846,24.2225,3.27123333,18.0,1.0,0.0,24.293774,145.256772
tfim_esus_beta_0.62413793.txt,esus,0.624138,1000000,10000000,6,28.1561,28.8681,28.1599,28.1789,28.2651,28.2053,3.73823333,18.0,1.0,0.0,28.870253,169.833427
tfim_esus_beta_0.68965517.txt,esus,0.689655,1000000,10000000,6,31.314,31.3865,31.1575,31.2866,31.2773,31.3339,4.149,22.0,1.0,0.0,31.388713,187.755884
tfim_esus_beta_0.75517241.txt,esus,0.755172,1000000,10000000,6,34.3296,34.4136,34.3003,34.1966,34.34,34.2993,4.51736667,22.0,1.0,0.0,34.415793,205.879471
tfim_esus_beta_0.82068966.txt,esus,0.82069,1000000,10000000,6,37.5327,37.637,37.5911,37.5182,37.7179,37.577,4.8801,22.0,1.0,0.0,37.719911,225.573893
tfim_esus_beta_0.8862069.txt,esus,0.886207,1000000,10000000,6,40.7255,40.8471,40.7052,40.7847,40.7733,40.6366,5.25373333,26.0,1.0,0.0,40.849085,244.472396
tfim_esus_beta_0.95172414.txt,esus,0.951724,1000000,10000000,6,62.7639,43.4465,43.2108,43.4449,43.3523,43.2014,5.60946667,24.0,1.0,0.0,62.765841,279.419787
tfim_esus_beta_1.01724138.txt,esus,1.01724,1000000,10000000,6,46.2535,46.4136,46.2699,46.6117,46.3715,46.1998,5.929,26.0,1.0,0.0,46.613776,278.119931
tfim_esus_beta_1.08275862.txt,esus,1.08276,1000000,10000000,6,49.3116,49.0787,49.4213,70.4407,49.4355,49.1622,6.3178,26.0,1.0,0.0,70.442901,316.849923
tfim_esus_beta_1.14827586.txt,esus,1.14828,1000000,10000000,6,51.6912,71.8923,51.8754,69.8679,51.8017,63.099,6.7123,28.0,1.0,0.0,71.894441,360.227432
tfim_esus_beta_1.2137931.txt,esus,1.21379,1000000,10000000,6,54.5033,54.5901,70.6987,75.5078,72.2986,54.6337,7.0616,26.0,1.0,0.0,75.509977,382.23222
tfim_esus_beta_1.27931034.txt,esus,1.27931,1000000,10000000,6,85.9756,57.298,80.4107,57.3937,75.9784,75.6279,7.42103333,30.0,1.0,0.0,85.97787,432.684273
tfim_esus_beta_1.34482759.txt,esus,1.34483,1000000,10000000,6,59.0353,82.4415,68.8643,78.4536,89.512,90.8475,7.74893333,30.0,1.0,0.0,90.849515,469.154206
tfim_esus_beta_1.41034483.txt,esus,1.41034,1000000,10000000,6,89.9933,84.5532,87.9789,91.632,80.4539,95.5917,8.18293333,32.0,1.0,0.0,95.593954,530.202976
tfim_esus_beta_1.47586207.txt,esus,1.47586,1000000,10000000,6,93.357,98.5901,99.0325,96.9468,95.0028,96.1383,8.5093,32.0,1.0,0.0,99.034655,579.067494
tfim_esus_beta_1.54137931.txt,esus,1.54138,1000000,10000000,6,94.5204,101.146,94.0803,108.391,107.76,106.154,8.9067,30.0,1.0,0.0,108.393311,612.051029
tfim_esus_beta_1.60689655.txt,esus,1.6069,1000000,10000000,6,116.323,114.822,117.116,115.029,117.74,113.192,9.27713333,32.0,1.0,0.0,117.742539,694.223671
tfim_esus_beta_1.67241379.txt,esus,1.67241,1000000,10000000,6,123.009,121.096,120.835,120.144,122.751,122.709,9.68736667,38.0,1.0,0.0,123.010909,730.542379
tfim_esus_beta_1.73793103.txt,esus,1.73793,1000000,10000000,6,126.825,128.961,129.484,127.366,128.487,127.153,10.0193667,32.0,1.0,0.0,129.486486,768.276139
tfim_esus_beta_1.80344828.txt,esus,1.80345,1000000,10000000,6,132.552,134.439,134.953,133.866,134.641,134.904,10.3922,34.0,1.0,0.0,134.954699,805.354734
tfim_esus_beta_1.86896552.txt,esus,1.86897,1000000,10000000,6,734.191,732.732,731.628,728.653,731.339,732.006,10.7903667,36.0,1.0,0.0,734.192786,4390.54889
tfim_esus_beta_1.93448276.txt,esus,1.93448,1000000,10000000,6,126.272,127.954,128.4,126.884,130.088,128.793,11.2027333,34.0,1.0,0.0,130.090379,768.391648
tfim_esus_beta_2.0.txt,esus,2,1000000,10000000,6,134.451,133.804,135.675,133.747,134.284,134.436,11.5556,36.0,1.0,0.0,135.677207,806.396679
tfim_esus_beta_4.0.txt,esus,4,1000000,10000000,6,384.005,394.39,538.254,371.102,382.3,511.677,23.2375333,58.0,1.0,0.0,538.255697,2581.72849
tfim_fidsus_beta_0.1.txt,fidsus,0.1,1000000,10000000,6,7.29258,7.40594,7.161,7.34052,7.38954,7.37169,0.1604,6.0,1.0,0.0,7.408073,43.961269
tfim_fidsus_beta_0.16551724.txt,fidsus,0.165517,1000000,10000000,6,8.42297,8.38748,8.38437,8.41823,8.40857,8.38706,0.419066667,8.0,1.0,0.0,8.425217,50.408684
tfim_fidsus_beta_0.23103448.txt,fidsus,0.231034,1000000,10000000,6,9.67613,9.74181,9.68415,9.69605,9.68823,9.6991,0.783266667,8.0,1.0,0.0,9.744286,58.185463
tfim_fidsus_beta_0.29655172.txt,fidsus,0.296552,1000000,10000000,6,12.6741,12.7902,13.192,11.6079,15.3339,11.6093,1.24443333,12.0,1.0,0.0,15.33621,77.207432
tfim_fidsus_beta_0.36206897.txt,fidsus,0.362069,1000000,10000000,6,14.6064,19.762,19.7123,19.9418,18.6917,18.3823,1.75476667,14.0,1.0,0.0,19.944097,111.096429
tfim_fidsus_beta_0.42758621.txt,fidsus,0.427586,1000000,10000000,6,20.834,20.6788,20.615,20.7636,20.7359,20.8724,2.27816667,16.0,1.0,0.0,20.875014,124.499712
tfim_fidsus_beta_0.49310345.txt,fidsus,0.493103,1000000,10000000,6,20.1747,20.5437,20.5583,20.5648,20.5231,20.2045,2.80383333,18.0,1.0,0.0,20.566983,122.56915
tfim_fidsus_beta_0.55862069.txt,fidsus,0.558621,1000000,10000000,6,24.4295,24.3261,24.3303,24.5254,24.4666,24.3778,3.2661,18.0,1.0,0.0,24.527483,146.45563
tfim_fidsus_beta_0.62413793.txt,fidsus,0.624138,1000000,10000000,6,29.3308,29.437,29.3569,29.2621,29.4207,29.2111,3.72516667,18.0,1.0,0.0,29.438855,176.01857
tfim_fidsus_beta_0.68965517.txt,fidsus,0.689655,1000000,10000000,6,31.524,31.4525,31.48,31.4036,31.5021,31.5596,4.10493333,20.0,1.0,0.0,31.562051,188.921732
tfim_fidsus_beta_0.75517241.txt,fidsus,0.755172,1000000,10000000,6,35.66,35.7181,35.6677,35.7803,35.4927,35.6969,4.5527,20.0,1.0,0.0,35.78183,214.015688
tfim_fidsus_beta_0.82068966.txt,fidsus,0.82069,1000000,10000000,6,38.7143,39.0469,38.8307,38.5567,38.8965,38.9901,4.8919,24.0,1.0,0.0,39.048689,233.035217
tfim_fidsus_beta_0.8862069.txt,fidsus,0.886207,1000000,10000000,6,58.1376,41.6081,41.622,41.4299,41.3945,41.5016,5.24006667,22.0,1.0,0.0,58.139696,265.693643
tfim_fidsus_beta_0.95172414.txt,fidsus,0.951724,1000000,10000000,6,44.3574,44.2901,44.0997,44.2537,44.4743,44.1857,5.60256667,24.0,1.0,0.0,44.476,265.660983
tfim_fidsus_beta_1.01724138.txt,fidsus,1.01724,1000000,10000000,6,47.8144,47.7877,47.7709,47.6593,47.6661,47.9041,5.9608,26.0,1.0,0.0,47.906223,286.602536
tfim_fidsus_beta_1.08275862.txt,fidsus,1.08276,1000000,10000000,6,50.7001,50.6288,65.3362,50.8092,62.9595,50.6098,6.31613333,26.0,1.0,0.0,65.3383,331.043694
tfim_fidsus_beta_1.14827586.txt,fidsus,1.14828,1000000,10000000,6,52.7224,52.8977,68.9777,52.9012,53.1084,53.0382,6.71543333,26.0,1.0,0.0,68.979714,333.645716
tfim_fidsus_beta_1.2137931.txt,fidsus,1.21379,1000000,10000000,6,58.8462,65.5762,85.7328,76.1409,56.1227,55.6314,7.04956667,28.0,1.0,0.0,85.735083,398.050124
tfim_fidsus_beta_1.27931034.txt,fidsus,1.27931,1000000,10000000,6,79.3702,80.0833,63.4891,82.6483,83.6127,80.013,7.4247,30.0,1.0,0.0,83.614949,469.216741
tfim_fidsus_beta_1.34482759.txt,fidsus,1.34483,1000000,10000000,6,74.4698,88.9226,75.8547,68.0784,91.0254,75.8638,7.77613333,30.0,1.0,0.0,91.027393,474.214644
tfim_fidsus_beta_1.41034483.txt,fidsus,1.41034,1000000,10000000,6,96.8143,81.7508,83.1649,99.5053,92.539,98.7557,8.144,30.0,1.0,0.0,99.507533,552.530012
tfim_fidsus_beta_1.47586207.txt,fidsus,1.47586,1000000,10000000,6,101.857,101.626,102.353,105.431,108.104,107.656,8.57276667,34.0,1.0,0.0,108.106626,627.027495
tfim_fidsus_beta_1.54137931.txt,fidsus,1.54138,1000000,10000000,6,112.444,111.926,113.825,103.309,114.065,114.664,8.90763333,32.0,1.0,0.0,114.66625,670.233116
tfim_fidsus_beta_1.60689655.txt,fidsus,1.6069,1000000,10000000,6,116.318,120.706,116.474,119.598,106.299,121.128,9.311,32.0,1.0,0.0,121.129997,700.523125
tfim_fidsus_beta_1.67241379.txt,fidsus,1.67241,1000000,10000000,6,127.951,118.543,127.537,125.859,123.352,123.938,9.68193333,32.0,1.0,0.0,127.953201,747.180132
tfim_fidsus_beta_1.73793103.txt,fidsus,1.73793,1000000,10000000,6,132.993,132.93,132.595,134.322,132.113,133.105,10.0241333,34.0,1.0,0.0,134.323753,798.058871
tfim_fidsus_beta_1.80344828.txt,fidsus,1.80345,1000000,10000000,6,136.836,137.52,137.893,135.452,135.267,138.03,10.4203,32.0,1.0,0.0,138.03207,820.997521
tfim_fidsus_beta_1.86896552.txt,fidsus,1.86897,1000000,10000000,6,142.101,143.391,140.929,144.757,143.662,143.794,10.8137667,34.0,1.0,0.0,144.759109,858.63438
tfim_fidsus_beta_1.93448276.txt,fidsus,1.93448,1000000,10000000,6,158.142,160.338,155.769,157.756,159.019,158.558,11.1552333,36.0,1.0,0.0,160.339913,949.582915
tfim_fidsus_beta_2.0.txt,fidsus,2,1000000,10000000,6,170.306,166.213,169.57,168.29,167.017,168.633,11.5695667,38.0,1.0,0.0,170.308208,1010.02869
tfim_fidsus_beta_4.0.txt,fidsus,4,1000000,10000000,6,469.728,538.831,440.878,445.392,449.988,441.051,23.0533333,58.0,1.0,0.0,538.833097,2785.86668
