filename,kind,beta,Tsteps,steps,stepsPerMeasurement,Nbins,nprocs,rank0_time_s,rank1_time_s,rank2_time_s,rank3_time_s,rank4_time_s,rank5_time_s,rank6_time_s,rank7_time_s,rank8_time_s,rank9_time_s,rank10_time_s,rank11_time_s,rank12_time_s,rank13_time_s,rank14_time_s,rank15_time_s,rank16_time_s,rank17_time_s,rank18_time_s,rank19_time_s,rank20_time_s,rank21_time_s,rank22_time_s,rank23_time_s,rank24_time_s,rank25_time_s,rank26_time_s,rank27_time_s,rank28_time_s,rank29_time_s,rank30_time_s,rank31_time_s,rank32_time_s,rank33_time_s,rank34_time_s,rank35_time_s,rank36_time_s,rank37_time_s,rank38_time_s,rank39_time_s,rank40_time_s,rank41_time_s,rank42_time_s,rank43_time_s,rank44_time_s,rank45_time_s,rank46_time_s,rank47_time_s,rank48_time_s,rank49_time_s,total_mean_q,total_max_q,total_mean_sgnW,total_std_sgnW,wall_clock_seconds,total_elapsed_cpu_seconds
tfim_nomeas_beta_0.1.out,nomeas,0.1,1000000,10000000,1000,100,50,6.4922,6.45756,6.46507,6.39453,6.23067,6.23336,6.42992,6.44964,6.41469,6.46382,6.4807,6.35814,6.48158,6.43703,6.45995,6.4628,6.38475,6.28445,6.47953,6.40715,6.41123,6.42282,6.44598,6.47769,6.43793,6.44288,6.46111,6.48242,6.44813,6.39775,6.42771,6.41351,6.46629,6.44981,6.48422,6.48515,6.50756,6.46276,6.46768,6.47176,5.90502,5.62015,5.83328,5.57583,5.88358,5.61007,5.90457,5.60925,5.90155,5.60023,0.156728,8.0,1.0,0.0,6.50886434,314.775466
tfim_nomeas_beta_0.16551724.out,nomeas,0.165517,1000000,10000000,1000,100,50,7.27907,7.2993,7.2692,7.29696,7.28258,7.26764,7.26726,7.27438,7.26759,7.268,7.28881,7.27976,7.29259,7.27968,7.27557,7.27984,7.2617,7.30549,7.27457,7.27419,7.29591,7.3087,7.3163,7.27419,7.28976,7.28835,7.32297,7.27111,7.30343,7.26076,7.2811,7.2843,7.26352,7.27714,7.27921,7.29689,7.27895,7.27066,7.31222,7.25821,6.69268,6.31448,6.69386,6.30238,6.67996,6.32078,6.68317,6.3189,6.68305,6.30798,0.422848,10.0,1.0,0.0,7.324401,356.315077
tfim_nomeas_beta_0.23103448.out,nomeas,0.231034,1000000,10000000,1000,100,50,8.41701,8.40062,8.41898,8.40959,8.40661,8.4144,8.45194,8.39552,8.40412,8.41109,8.40653,8.39832,8.39481,8.43687,8.41726,8.40426,8.40952,8.40211,8.39793,8.39541,8.39581,8.41228,8.42007,8.41046,8.41189,8.39801,8.40647,8.39242,8.40727,8.39954,8.40261,8.38734,8.42209,8.40048,8.44841,8.42107,8.4221,8.39809,8.39536,8.42661,7.66399,7.29298,7.67118,7.27683,7.66902,7.28399,7.6815,7.28522,7.65959,7.28656,0.798288,12.0,1.0,0.0,8.45330868,411.142121
tfim_nomeas_beta_0.29655172.out,nomeas,0.296552,1000000,10000000,1000,100,50,12.1885,9.95667,9.95407,9.94492,9.96495,11.8289,9.95798,11.1794,9.93821,9.94452,9.94034,10.398,11.4725,9.93522,9.9804,9.95324,10.0135,9.915,9.95355,9.93286,9.94298,9.9568,9.97356,9.93747,11.0399,9.94996,12.5484,10.0872,13.1959,11.2319,9.93584,9.95308,9.96239,9.94196,9.96905,9.95573,9.9472,9.92184,9.94768,9.95226,9.10912,8.63301,9.10831,9.34808,9.10045,8.63836,9.11839,10.5911,9.08424,8.62152,1.249724,16.0,1.0,0.0,13.1973941,505.05646
tfim_nomeas_beta_0.36206897.out,nomeas,0.362069,1000000,10000000,1000,100,50,16.7333,16.5081,14.6842,15.1077,16.6531,16.2344,15.9394,14.9943,15.9897,13.4062,14.439,16.5331,16.6911,16.683,16.3928,16.3177,16.3444,16.1156,16.0555,12.2244,15.7702,16.5261,15.9686,16.786,14.7144,16.612,16.7036,15.9618,15.6032,16.063,16.3934,15.5882,15.9513,16.133,16.3732,16.3965,12.8267,16.7384,16.7971,16.5898,10.9767,11.603,13.2824,12.3331,13.5983,13.4446,14.4455,13.5083,11.2938,14.5747,1.751892,14.0,1.0,0.0,16.7985069,763.603877
tfim_nomeas_beta_0.42758621.out,nomeas,0.427586,1000000,10000000,1000,100,50,19.3934,19.7288,19.5829,19.7558,20.0511,19.5392,19.8196,19.8448,19.818,19.8625,19.4565,19.5689,19.9348,19.636,19.9025,19.736,19.6717,19.2378,19.7903,19.4573,19.9922,19.4657,19.885,19.8303,19.5548,19.6018,19.823,19.5035,19.5981,19.7511,19.534,19.7123,19.1519,18.7029,19.9453,19.9557,19.7855,19.7972,19.3233,19.7189,18.2517,17.0602,17.9718,17.2898,17.2562,17.1033,17.8143,17.2534,18.1172,16.7925,2.279852,16.0,1.0,0.0,20.0524603,961.330798
tfim_nomeas_beta_0.49310345.out,nomeas,0.493103,1000000,10000000,1000,100,50,24.2566,24.2825,24.2759,24.3133,24.3374,23.9122,24.1748,24.0243,24.1451,24.0919,23.9868,24.0767,24.2269,23.9307,24.0164,23.9566,24.0539,24.1476,24.2014,24.0772,24.2495,23.9242,24.2218,24.2063,24.2463,24.0471,24.2322,24.2236,24.2246,24.2609,24.3298,23.9375,24.3141,24.2049,24.4934,24.3653,24.2458,24.2282,24.1976,24.2491,22.0291,21.0664,22.1611,21.1352,22.0703,21.1072,22.0163,21.0977,22.2499,21.0332,2.793172,18.0,1.0,0.0,24.4952219,1182.85679
tfim_nomeas_beta_0.55862069.out,nomeas,0.558621,1000000,10000000,1000,100,50,27.5397,27.3027,27.5178,27.5643,27.5245,27.4755,27.4418,27.3553,27.6745,27.5633,27.5618,27.5554,27.4585,27.6441,27.6517,27.5849,27.5095,27.4111,27.5347,27.31,27.581,27.5447,27.5076,27.5582,27.6107,27.5025,27.4801,27.5925,27.5955,27.4885,27.5139,27.4888,27.5399,27.5936,27.5023,27.6381,27.4795,27.4463,27.5874,27.5997,25.0431,24.0293,25.1419,24.0072,25.0565,24.0591,25.1814,24.0085,25.1072,23.9959,3.279128,20.0,1.0,0.0,27.6758931,1346.66197
tfim_nomeas_beta_0.62413793.out,nomeas,0.624138,1000000,10000000,1000,100,50,32.2027,32.1721,32.2692,32.2739,32.2779,32.0108,32.2021,32.1075,32.1994,32.1474,32.3704,32.1409,32.373,32.1863,32.2986,32.2049,32.3637,32.0205,32.1816,32.2576,32.3002,32.1692,32.4679,32.2882,32.4247,32.1323,32.141,32.1848,32.1852,32.1271,32.2711,32.2503,32.245,32.2052,32.4448,32.2073,32.1812,32.1789,32.1196,32.2509,29.2109,27.9058,29.2385,28.0556,29.2123,27.9191,29.215,27.8881,29.1623,27.7973,3.724524,20.0,1.0,0.0,32.4692637,1574.64017
tfim_nomeas_beta_0.68965517.out,nomeas,0.689655,1000000,10000000,1000,100,50,35.5504,35.3638,35.3999,35.6147,35.469,35.4099,35.385,35.3845,35.669,35.4421,35.5363,35.4628,35.5704,35.3416,35.5076,35.4872,35.4742,35.4827,35.572,35.3672,35.3975,35.3001,35.5861,35.5262,35.367,35.3629,35.4455,35.4343,35.4512,35.3281,76.5514,35.5268,35.5637,35.4049,35.6093,35.518,35.5032,35.4056,35.5276,35.5068,32.3043,30.6983,32.3348,30.6615,32.2207,30.8641,32.357,30.8272,32.3584,30.7076,4.130236,24.0,1.0,0.0,76.5530561,1775.14038
tfim_nomeas_beta_0.75517241.out,nomeas,0.755172,1000000,10000000,1000,100,50,38.7427,38.5672,38.8307,38.7507,38.8663,38.4956,38.7998,38.6917,38.7263,38.759,38.8682,38.665,38.6994,38.57,38.8514,38.7684,38.6467,38.5597,38.7222,38.7445,38.7732,38.7244,38.8275,38.7614,38.7564,38.6101,38.6223,38.8503,38.7371,38.6551,38.7748,38.7878,38.8626,38.8684,38.8148,38.7585,38.8446,38.7315,38.6985,38.8377,35.2788,33.5346,35.2625,33.4188,35.2841,33.6493,35.3558,33.6869,35.1944,33.5769,4.509468,26.0,1.0,0.0,38.8703326,1893.86489
tfim_nomeas_beta_0.82068966.out,nomeas,0.82069,1000000,10000000,1000,100,50,42.1676,41.861,42.1828,41.9477,42.0972,42.0392,41.8958,41.9876,42.0944,42.0245,42.2051,42.0424,42.1837,42.0169,41.9303,41.9977,42.0047,41.9367,42.052,42.0882,42.1653,41.8996,42.1413,42.0714,41.9633,41.959,42.0096,42.2195,41.9392,42.0484,42.0536,42.1684,41.9203,41.9686,41.9739,42.0942,41.9784,41.9089,42.0689,42.1518,38.3192,36.5224,38.1476,36.4149,38.3328,36.6884,38.0742,36.3583,38.2761,36.4172,4.879968,24.0,1.0,0.0,42.2210565,2055.01026
tfim_nomeas_beta_0.8862069.out,nomeas,0.886207,1000000,10000000,1000,100,50,45.4138,45.3836,45.3598,45.2876,45.424,69.1989,45.5495,45.3943,45.2911,45.3902,45.6475,45.7169,45.3749,45.2956,45.5224,45.5034,45.5889,45.2446,45.253,45.5846,45.4121,45.4583,45.6095,45.4551,45.3335,45.0157,45.3661,45.7866,45.4277,45.3647,45.5611,45.5274,45.571,45.5555,45.5756,45.4098,45.4201,45.4556,45.424,45.6155,41.3267,39.4066,51.4364,39.5943,41.2622,39.425,41.4498,39.372,41.3911,39.3265,5.237724,28.0,1.0,0.0,69.2005089,2255.76056
tfim_nomeas_beta_0.95172414.out,nomeas,0.951724,1000000,10000000,1000,100,50,48.1112,48.0943,48.1498,48.1582,48.0836,47.9503,47.8349,47.9233,47.843,47.8865,47.9557,48.072,48.1552,47.7386,48.0525,48.3035,48.0371,47.9583,48.1935,47.9746,48.564,47.8961,48.2149,48.1144,48.4829,48.0291,47.8582,47.9515,48.2975,48.0281,48.1612,48.0977,48.3508,48.1212,47.9033,48.4323,48.0788,71.5387,47.9914,48.2104,43.7977,41.7997,67.8015,41.3804,44.0378,41.5561,43.9531,41.6801,43.9938,41.5841,5.60602,28.0,1.0,0.0,71.5402777,2398.38255
tfim_nomeas_beta_1.01724138.out,nomeas,1.01724,1000000,10000000,1000,100,50,51.6234,51.5399,51.5828,51.4464,51.4601,51.4373,51.4205,51.4233,51.5429,51.2899,51.3866,51.376,51.5767,51.2602,51.7229,51.4713,51.5515,51.136,51.4014,51.5621,51.1746,51.5481,51.5869,69.9381,51.6761,51.7919,51.6233,51.9761,51.6868,51.3817,51.5739,51.5664,61.9784,51.5736,51.6343,51.2995,51.5814,51.3201,54.483,51.4052,46.883,44.7967,46.8225,61.9924,47.3041,44.608,47.1578,44.4156,47.0499,44.6159,5.953128,28.0,1.0,0.0,69.9397261,2567.65624
tfim_nomeas_beta_1.08275862.out,nomeas,1.08276,1000000,10000000,1000,100,50,54.5538,54.1059,54.0921,54.2777,54.0297,54.0984,54.1569,54.2713,71.3013,83.7203,54.3801,54.1498,54.2943,54.1587,67.6625,54.3266,54.4403,54.4236,54.3854,54.4568,54.1006,54.1491,77.451,54.5422,54.1982,58.1628,54.0301,54.3387,54.146,55.0314,54.2596,54.4431,54.3663,54.5089,54.1013,54.305,72.6028,54.186,54.11,54.679,49.4584,47.3292,49.2515,47.2267,49.3567,47.2715,49.6952,47.211,49.5092,47.2043,6.316028,30.0,1.0,0.0,83.7217813,2760.51144
tfim_nomeas_beta_1.14827586.out,nomeas,1.14828,1000000,10000000,1000,100,50,57.1532,75.2621,57.0394,57.095,57.4896,56.9193,66.0127,57.1083,88.1144,56.9252,57.2978,66.1085,56.9483,57.0414,57.2339,57.1806,87.0679,83.7574,57.2478,57.1133,56.8344,57.4105,57.0136,73.9169,57.1095,56.8949,57.0783,56.9331,57.0525,57.098,57.1006,57.4038,57.3182,57.411,57.2101,57.1483,57.1809,57.0451,57.0828,57.3108,52.0762,49.6304,51.9643,69.9952,76.8294,49.6574,56.6542,49.5543,52.1934,49.5301,6.686624,32.0,1.0,0.0,88.1159591,2983.75407
tfim_nomeas_beta_1.2137931.out,nomeas,1.21379,1000000,10000000,1000,100,50,60.0536,60.6026,60.5602,60.2001,63.4412,60.3941,60.1124,60.3708,92.6256,60.1631,60.3507,60.0644,65.0674,61.0997,70.9745,88.0637,60.0922,89.3577,64.3313,60.3461,60.3925,60.3635,60.5916,78.2588,60.5013,59.9674,60.3016,68.3366,60.317,60.0795,61.7664,68.9879,92.2771,60.6678,60.1328,60.17,63.3733,82.1924,84.2318,63.8968,58.521,77.5707,64.7709,52.3432,54.8477,66.0242,54.8738,55.573,82.5188,52.4055,7.048952,32.0,1.0,0.0,92.6271548,3264.52618
tfim_nomeas_beta_1.27931034.out,nomeas,1.27931,1000000,10000000,1000,100,50,64.0605,84.6586,63.7611,81.8196,63.524,63.5522,73.6497,63.4393,81.5636,91.41,79.9233,93.2751,79.5528,95.3723,67.8801,93.3744,97.5686,72.2862,69.68,66.3536,76.1074,63.614,94.9145,63.5974,75.9904,88.6197,68.2329,63.6624,85.0595,87.8294,86.5174,66.354,83.931,77.301,83.9366,86.9273,96.0896,63.5566,63.843,82.8349,61.0799,84.5018,57.381,66.559,61.4403,55.1257,61.738,78.4063,57.4173,78.2855,7.425536,32.0,1.0,0.0,97.5702287,3767.55876
tfim_nomeas_beta_1.34482759.out,nomeas,1.34483,1000000,10000000,1000,100,50,83.498,65.9196,93.88,94.0868,79.3611,99.8627,100.285,97.7463,80.1497,96.8539,66.5333,66.0537,66.1473,95.8435,95.314,96.3755,97.7921,65.7708,66.2438,94.7551,88.421,90.6921,84.4378,88.3696,73.1021,96.4322,96.6235,86.6142,66.0724,65.944,72.0411,100.741,99.8834,99.6089,84.0886,85.6608,82.4431,92.2572,90.241,88.0595,77.2937,84.0403,73.0881,86.2222,79.8068,79.0136,68.6216,76.1784,86.6665,57.5784,7.798484,32.0,1.0,0.0,100.742544,4202.71441
tfim_nomeas_beta_1.41034483.out,nomeas,1.41034,1000000,10000000,1000,100,50,69.8271,103.133,105.866,81.4366,99.4633,94.9269,93.6702,85.9851,105.466,103.012,106.721,104.038,105.231,76.5129,90.4639,69.6957,93.6107,101.133,102.432,103.531,96.9046,105.312,95.6257,105.101,90.9559,103.242,106.856,88.1503,101.064,98.9264,104.658,104.519,88.7712,77.1619,102.921,70.1798,103.715,105.801,102.623,103.477,63.5223,87.7273,69.2943,81.6648,90.3649,90.4927,95.2417,76.1976,81.4069,91.7511,8.174008,32.0,1.0,0.0,106.857781,4679.78432
tfim_nomeas_beta_1.47586207.out,nomeas,1.47586,1000000,10000000,1000,100,50,103.069,107.049,97.9555,109.668,102.984,72.7984,103.294,109.78,108.782,103.868,100.992,103.461,109.783,108.188,104.663,108.341,108.897,106.346,108.792,103.22,98.3645,109.518,107.178,102.862,110.468,105.64,105.13,104.114,106.593,107.113,103.881,106.314,92.3525,109.931,109.602,108.086,103.047,105.681,110.211,99.1241,94.9015,87.5085,91.4547,91.9153,98.6759,74.7999,90.9762,82.2064,90.3344,87.6493,8.5499,36.0,1.0,0.0,110.470125,5077.56331
tfim_nomeas_beta_1.54137931.out,nomeas,1.54138,1000000,10000000,1000,100,50,115.023,109.125,112.289,114.688,99.9649,114.564,116.44,105.042,114.923,115.269,106.993,111.865,109.851,113.835,103.482,115.55,115.517,113.459,115.031,115.998,110.181,115.612,113.379,114.439,101.976,114.915,114.882,115.179,107.049,114.41,112.278,110.716,110.798,114.697,110.257,115.807,113.812,110.319,113.311,114.325,100.416,99.7208,103.458,99.3799,102.659,100.016,104.63,78.6628,101.676,98.5634,8.912144,34.0,1.0,0.0,116.441095,5476.43247
tfim_nomeas_beta_1.60689655.out,nomeas,1.6069,1000000,10000000,1000,100,50,110.622,114.926,121.608,117.52,118.891,117.836,115.568,120.574,121.563,117.663,103.738,120.125,117.449,117.399,115.927,112.865,119.532,117.193,117.812,120.136,104.694,118.471,119.81,117.517,117.481,115.892,117.972,119.556,119.165,118.78,118.213,120.361,113.92,119.831,117.513,117.897,120.302,118.46,112.239,114.948,108.628,103.463,107.799,101.661,107.22,104.126,108.781,102.853,109.467,104.451,9.277356,34.0,1.0,0.0,121.609996,5740.41999
tfim_nomeas_beta_1.67241379.out,nomeas,1.67241,1000000,10000000,1000,100,50,118.057,120.96,125.893,116.459,121.882,124.624,122.81,124.586,120.597,122.739,122.57,121.249,121.322,123.695,126.164,125.7,124.556,119.119,124.698,125.368,125.231,124.129,125.274,122.794,124.966,112.861,125.977,125.031,124.016,124.801,119.853,125.39,124.904,124.857,124.607,121.765,125.825,123.847,122.742,125.163,113.103,107.229,111.51,107.433,114.343,108.787,111.236,109.283,112.094,108.589,9.65846,36.0,1.0,0.0,126.166279,6030.68992
tfim_nomeas_beta_1.73793103.out,nomeas,1.73793,1000000,10000000,1000,100,50,129.779,126.218,128.562,130.12,129.285,125.249,126.582,128.43,128.443,128.085,130.648,130.388,129.796,129.387,129.141,125.569,129.567,126.978,129.671,129.211,129.923,127.929,127.604,126.354,127.739,128.91,124.035,125.386,129.938,128.089,127.347,129.886,128.057,130.374,129.668,130.075,129.708,129.754,129.533,128.584,117.939,112.913,118.232,111.243,117.431,112.619,118.452,112.807,118.4,110.569,10.04088,36.0,1.0,0.0,130.64908,6290.60696
tfim_nomeas_beta_1.80344828.out,nomeas,1.80345,1000000,10000000,1000,100,50,134.452,134.365,135.185,134.2,134.418,133.826,133.491,130.773,135.453,133.336,133.708,132.836,134.328,134.45,135.186,132.5,133.659,133.417,133.225,134.2,133.988,135.538,134.012,133.594,131.997,133.312,134.479,133.726,135.061,132.635,133.803,135.113,133.668,134.769,134.097,134.867,134.666,133.831,134.954,135.266,121.496,116.333,122.517,116.751,121.235,115.325,119.043,116.008,121.939,112.802,10.4264,42.0,1.0,0.0,135.539636,6543.83376
tfim_nomeas_beta_1.86896552.out,nomeas,1.86897,1000000,10000000,1000,100,50,138.566,138.974,139.351,138.423,139.502,139.061,138.873,139.686,140.048,139.848,139.265,140.003,140.767,139.152,139.989,138.853,139.169,139.166,137.055,140.048,139.638,139.512,139.873,139.3,137.042,139.363,138.815,139.857,139.285,139.756,138.018,139.856,139.211,139.72,138.765,140.111,140.003,137.415,139.457,136.542,126.114,121.513,127.257,119.427,125.275,121.636,124.047,120.332,124.011,120.588,10.79746,40.0,1.0,0.0,140.768948,6797.53767
tfim_nomeas_beta_1.93448276.out,nomeas,1.93448,1000000,10000000,1000,100,50,144.952,145.254,146.01,144.416,143.823,144.53,144.661,145.166,145.624,144.555,145.436,145.365,147.256,144.313,145.419,144.325,145.273,144.338,145.297,144.416,145.937,144.925,145.1,146.576,145.761,145.088,144.641,144.5,145.575,144.114,144.558,143.616,145.746,145.181,143.739,145.639,145.282,145.092,146.248,145.125,131.43,126.183,130.456,125.443,132.05,125.661,132.182,126.277,132.114,125.862,11.174508,40.0,1.0,0.0,147.257806,7090.52886
tfim_nomeas_beta_2.0.out,nomeas,2,1000000,10000000,1000,100,50,149.299,150.528,151.914,151.338,152.836,150.133,151.285,151.901,151.813,151.332,150.616,150.056,151.931,151.088,150.747,151.81,150.377,150.736,151.449,151.131,151.876,150.692,151.462,151.234,151.292,150.792,150.701,151.076,151.635,150.312,150.239,152.382,152.2,151.247,152.509,151.919,151.695,150.767,151.298,150.854,136.785,131.427,136.934,131.016,137.423,130.744,137.374,131.431,136.915,130.554,11.557056,38.0,1.0,0.0,152.837477,7389.10378
tfim_nomeas_beta_4.0.out,nomeas,4,1000000,10000000,1000,100,50,402.527,427.551,408.106,408.831,420.239,517.979,519.603,412.32,428.904,416.909,421.384,407.783,468.862,426.061,414.054,423.463,439.61,432.172,497.789,406.711,412.333,458.118,410.542,407.944,430.438,431.813,415.341,424.143,401.317,422.563,426.073,398.575,418.018,426.86,429.84,412.914,415.844,414.893,428.913,413.19,362.394,346.577,366.001,397.678,377.543,363.991,375.954,368.251,386.784,357.183,23.12228,66.0,1.0,0.0,519.60458,20802.8863
tfim_esus-beta_0.1.out,esus,0.1,1000000,10000000,1000,100,50,6.52179,6.48654,6.50746,6.45138,6.27135,6.27695,6.46811,6.48219,6.46098,6.49751,6.49565,6.39624,6.5186,6.47994,6.49755,6.49837,6.43112,6.45334,6.50701,6.4445,6.45689,6.4525,6.467,6.50897,6.46168,6.47008,6.49713,6.52441,6.485,6.44916,6.47139,6.44696,6.49591,6.4906,6.50959,6.52402,6.50442,6.49778,6.5072,6.48989,6.50494,6.52046,6.43209,6.47238,6.47357,6.56133,6.50065,6.67397,6.50583,6.47712,0.156728,8.0,1.0,0.0,6.67640403,323.979514
tfim_esus-beta_0.16551724.out,esus,0.165517,1000000,10000000,1000,100,50,7.33379,7.32941,7.32862,7.33961,7.32082,7.31381,7.32441,7.32277,7.31868,7.31532,7.31572,7.32201,7.36732,7.31533,7.33194,7.31459,7.30803,7.32447,7.32014,7.33342,7.30854,7.31686,7.33765,7.31802,7.36151,7.31901,7.33029,7.31971,7.32988,7.31618,7.31135,7.32341,7.31672,7.32317,7.31991,7.318,7.31979,7.32309,7.3317,7.3087,7.33252,7.3247,7.33186,7.31213,7.31587,7.32312,7.31386,7.31987,7.31122,7.3215,0.422848,10.0,1.0,0.0,7.36962134,366.160349
tfim_esus-beta_0.23103448.out,esus,0.231034,1000000,10000000,1000,100,50,8.4614,8.45393,8.46451,8.45439,8.46284,8.44759,8.47369,8.45058,8.45575,8.45608,8.4624,8.44662,8.45642,9.50285,8.47697,8.43825,8.57242,8.44095,8.47845,8.45488,8.45043,8.45111,8.52139,8.44412,8.45697,8.4497,8.46229,8.4518,8.45756,8.44743,8.4493,8.45122,8.4692,8.45582,8.46831,8.47433,8.47937,8.44668,8.46338,8.45839,8.456,8.46743,8.45978,8.44944,8.45567,8.46109,8.45483,8.43668,8.44065,8.45648,0.798288,12.0,1.0,0.0,9.50525224,424.057783
tfim_esus-beta_0.29655172.out,esus,0.296552,1000000,10000000,1000,100,50,12.2717,9.97635,9.99898,9.98439,10.0052,11.8773,10.0175,11.2833,10.0009,10.0053,10.0101,10.0063,11.5352,10.001,10.01,10.0044,10.0141,9.96695,10.011,10.0738,10.0085,10.0004,9.99862,10.0003,11.0944,10.0045,12.6075,10.0038,13.26,11.2981,9.99374,10.0181,10.0436,9.98557,10.0142,10.0208,10.0045,9.98041,10.0266,10.0113,10.0289,10.023,10.0193,10.8415,9.99847,10.0111,9.9945,12.3151,9.98572,9.99425,1.249724,16.0,1.0,0.0,13.2624154,518.640431
tfim_esus-beta_0.36206897.out,esus,0.362069,1000000,10000000,1000,100,50,16.8211,16.669,14.7734,15.1155,16.9157,16.3273,16.0176,15.0857,16.0648,13.4999,14.527,16.6257,16.7855,16.7846,16.4727,16.3868,16.457,16.1958,16.1696,12.298,15.8565,16.6366,16.0955,16.915,14.8209,16.7293,16.7934,16.0383,15.6787,16.161,16.484,15.6748,15.9031,16.2246,16.4354,16.4958,12.9072,16.8737,16.9171,16.6933,12.0102,13.4984,14.5955,14.3087,14.9284,15.6319,15.8713,15.6244,12.3663,16.8729,1.751892,14.0,1.0,0.0,16.919524,784.034984
tfim_esus-beta_0.42758621.out,esus,0.427586,1000000,10000000,1000,100,50,19.5513,19.8401,19.6766,19.8733,20.2196,19.6484,19.9395,19.9658,19.9213,19.9763,19.6358,19.681,20.0395,19.7856,19.9898,19.8358,19.762,19.3499,19.8996,19.5585,20.0771,19.5729,19.981,19.9708,19.9008,19.6937,19.9308,19.5271,19.7317,19.8781,19.6585,19.94,19.248,18.8182,20.0492,20.1093,19.9091,19.9138,19.4331,19.7875,20.0382,19.8311,19.7487,20.0405,18.9479,19.839,19.4875,19.939,19.885,19.5181,2.279852,16.0,1.0,0.0,20.2219438,988.555567
tfim_esus-beta_0.49310345.out,esus,0.493103,1000000,10000000,1000,100,50,24.3794,24.4234,24.4511,24.4031,24.4549,24.092,24.3369,24.1657,24.3146,24.1691,24.1384,24.21,24.3674,24.0599,24.1911,24.0955,24.3125,24.4131,24.374,24.2384,24.3932,24.1604,24.4009,24.3375,24.4066,24.2229,24.4,24.3379,24.3986,24.4091,24.4836,24.0699,24.4734,24.3747,24.4303,24.7301,24.4192,24.3469,24.3471,24.4008,24.2915,24.3168,24.4783,24.3846,24.3578,24.3687,24.2963,24.3941,24.3209,24.3388,2.793172,18.0,1.0,0.0,24.7326172,1216.68108
tfim_esus-beta_0.55862069.out,esus,0.558621,1000000,10000000,1000,100,50,27.7256,27.4897,27.7065,27.7283,27.6496,27.6416,27.6353,27.5255,27.7795,27.7161,27.7817,27.8023,27.7065,27.937,27.9521,27.7513,28.0141,27.5745,27.659,27.4691,27.7337,27.9545,27.7439,27.7383,27.9319,27.728,27.653,27.6783,27.7809,27.6773,27.6788,27.6469,27.6414,27.7646,27.6532,27.7865,27.6409,27.7145,27.7894,27.7652,27.6382,27.7183,27.7533,27.714,27.703,27.7671,27.7669,27.9015,27.743,27.7554,3.279128,20.0,1.0,0.0,28.016352,1386.40727
tfim_esus-beta_0.62413793.out,esus,0.624138,1000000,10000000,1000,100,50,32.4231,32.4207,32.4341,32.4935,32.5157,32.282,32.3037,32.3747,32.3984,32.3459,32.3827,32.3384,32.6606,32.3771,32.4809,32.4313,32.5901,32.2437,32.3948,32.415,32.4607,32.387,32.4995,32.483,32.3924,32.3241,32.5183,32.4229,32.3903,32.5352,32.4662,32.4426,32.4395,32.4281,32.4773,32.4243,32.4067,32.5699,32.3174,32.4268,32.3052,32.0964,32.2843,32.2509,32.2388,32.1714,32.2398,32.0913,32.1861,31.9993,3.724524,20.0,1.0,0.0,32.6638596,1618.98175
tfim_esus-beta_0.68965517.out,esus,0.689655,1000000,10000000,1000,100,50,35.6995,35.5753,35.614,35.7619,35.6882,35.6317,35.5955,35.6589,35.984,35.6933,35.7181,35.6196,35.7235,35.5582,35.7536,35.6985,35.7134,35.5123,35.884,35.6189,35.5949,35.6238,35.8385,35.7564,35.6398,35.6025,35.8635,35.6837,35.646,35.5767,35.8036,35.6616,35.7313,35.6458,35.7857,35.7986,35.7648,35.6666,35.6536,35.7588,35.435,35.1553,35.3942,35.1877,35.3017,35.2428,35.5853,35.3596,35.524,35.2826,4.130236,24.0,1.0,0.0,35.9874207,1781.26686
tfim_esus-beta_0.75517241.out,esus,0.755172,1000000,10000000,1000,100,50,39.0434,38.8302,39.0768,39.0687,39.067,38.8135,38.9046,38.9469,39.0048,39.0307,39.1387,38.9386,38.9546,38.7124,39.0187,39.0498,38.9462,38.8207,38.9748,39.0126,39.0398,39.0136,39.0869,38.9807,84.1923,38.8118,38.8684,39.1037,39.0536,38.9043,39.0137,39.036,39.3525,39.0654,38.9934,39.0374,39.0686,38.9487,38.9058,39.5099,38.2405,38.0629,38.2735,37.8385,38.3204,38.1345,38.4168,38.1994,38.223,38.0728,4.509468,26.0,1.0,0.0,84.1952221,1987.12208
tfim_esus-beta_0.82068966.out,esus,0.82069,1000000,10000000,1000,100,50,42.3784,42.0754,42.5429,42.2089,42.4257,42.2744,42.1824,42.1961,42.4254,42.2971,42.3586,43.1125,42.4288,42.2967,42.2924,42.2168,42.2288,42.2495,42.3414,42.375,42.4417,42.1525,42.4687,42.3451,42.1958,42.256,42.2447,42.3707,42.2274,42.249,42.3615,42.3649,42.2293,42.2489,42.1682,42.2785,42.3402,42.1546,42.3297,42.5577,41.6385,41.213,41.4411,41.0641,41.5986,41.4088,41.5723,41.0304,41.6061,41.5017,4.879968,24.0,1.0,0.0,43.1149174,2106.96688
tfim_esus-beta_0.8862069.out,esus,0.886207,1000000,10000000,1000,100,50,45.7484,46.8884,45.7168,45.498,45.8764,69.3964,45.7497,45.7259,45.5411,45.5297,45.9477,45.9994,45.7341,45.6264,45.7079,45.8073,45.7318,45.5104,45.6339,45.8576,45.6777,45.7218,45.994,45.7954,45.599,45.3123,45.6616,45.6301,45.7172,45.6095,45.8133,45.7957,45.8534,45.7657,45.7986,45.6526,45.7741,45.7394,45.6547,45.828,45.0164,44.4965,56.1434,44.465,44.9017,44.5298,45.2426,44.4499,45.0005,44.4412,5.237724,28.0,1.0,0.0,69.3989498,2312.30833
tfim_esus-beta_0.95172414.out,esus,0.951724,1000000,10000000,1000,100,50,48.9125,48.3563,48.3487,48.4661,48.2912,48.3847,48.1963,48.249,48.2429,48.155,48.2049,48.2918,48.4708,48.051,48.3299,48.554,48.4043,48.2907,48.4492,48.502,48.3909,48.1905,48.5583,48.3847,48.4392,48.2957,48.2543,48.2247,48.4831,48.4092,48.515,48.5139,48.4884,48.4925,48.2041,48.2966,48.3203,71.8871,48.2771,48.4842,47.8932,47.6108,73.6302,47.3555,48.0832,47.5337,48.0255,47.6866,48.0859,47.5202,5.60602,28.0,1.0,0.0,73.632783,2461.68579
tfim_esus-beta_1.01724138.out,esus,1.01724,1000000,10000000,1000,100,50,51.9717,51.8497,51.8736,51.8584,51.9726,51.7606,52.0618,51.6622,51.8397,51.6076,51.7676,51.6303,51.9117,51.5775,52.176,51.7458,51.8765,51.4852,112.259,51.7789,51.5477,51.7258,51.9471,70.3885,51.996,51.8788,51.9592,51.9901,52.075,51.7361,51.9097,51.8929,62.2895,51.8874,52.018,51.6787,52.0159,51.6369,51.508,51.6696,50.838,51.0017,50.8078,70.9306,50.9774,50.7772,51.0549,50.6681,50.8491,50.8848,5.953128,28.0,1.0,0.0,112.262357,2691.20715
tfim_esus-beta_1.08275862.out,esus,1.08276,1000000,10000000,1000,100,50,54.9892,54.4922,54.3731,54.605,54.3642,54.3929,54.4919,54.5771,71.7254,84.0197,54.6213,54.524,54.6379,54.6204,68.0849,54.6957,54.6571,54.6185,54.7126,54.7518,54.5306,54.4898,73.0467,54.9683,54.4633,58.5556,54.332,54.7787,54.3631,54.8581,54.5831,54.7534,55.0857,54.9815,54.4096,54.8045,73.0422,54.4841,54.4838,54.8329,53.8226,53.5541,53.5276,53.4398,53.614,53.5557,54.0566,53.3332,53.8725,53.4799,6.316028,30.0,1.0,0.0,84.0222059,2822.05774
tfim_esus-beta_1.14827586.out,esus,1.14828,1000000,10000000,1000,100,50,57.4112,75.688,57.3977,57.5372,57.6964,57.6359,66.6184,57.4283,88.4279,57.2663,57.6176,66.4616,57.3014,57.3547,57.5573,57.5883,87.6407,84.2236,57.469,57.4381,57.1766,57.558,57.4332,74.3174,57.4955,57.2023,57.3605,57.2787,57.306,57.4524,57.5454,58.5403,57.6623,58.3975,57.6803,57.512,57.5403,57.5181,57.4225,57.6172,56.357,56.74,56.3934,79.6722,83.9756,56.4482,61.4408,56.5116,56.6033,56.3546,6.686624,32.0,1.0,0.0,88.4303613,3062.27268
tfim_esus-beta_1.2137931.out,esus,1.21379,1000000,10000000,1000,100,50,60.4455,60.8257,60.849,60.6927,63.8472,60.8571,60.4605,60.7535,93.3304,60.5134,60.8152,60.3932,65.5042,61.4218,71.8071,88.5887,60.7608,89.7129,64.4761,60.5728,60.7824,60.6969,61.0239,78.6502,60.8864,60.3231,63.966,68.8929,60.6961,60.3955,62.097,69.2571,92.8664,60.9983,60.383,60.4767,63.755,82.5653,84.749,64.4987,63.4696,88.8867,70.8328,59.6934,59.7392,75.5302,60.2474,63.3836,90.4194,59.7735,7.048952,32.0,1.0,0.0,93.3329773,3356.56327
tfim_esus-beta_1.27931034.out,esus,1.27931,1000000,10000000,1000,100,50,64.8409,85.1612,64.7221,82.1348,63.7336,63.9637,74.1085,63.8502,82.2331,92.0831,79.8984,93.9296,80.0281,95.9992,68.2829,93.5614,98.4202,72.8141,69.6065,66.7455,76.3537,64.108,95.3875,64.0585,76.4979,89.0931,68.6433,64.1254,85.5747,88.4219,86.9963,66.5849,84.4018,77.8244,84.4886,87.5097,96.6913,63.8685,64.1403,83.095,67.1017,96.9824,62.9525,76.0665,67.4009,62.7033,67.6534,89.375,63.0059,89.4644,7.425536,32.0,1.0,0.0,98.4236275,3866.68778
tfim_esus-beta_1.34482759.out,esus,1.34483,1000000,10000000,1000,100,50,84.2639,66.4152,94.4722,94.5954,79.8657,100.477,100.385,98.2709,76.389,97.3773,66.7813,66.3519,66.3628,96.3983,95.7887,96.8426,98.304,66.1333,66.5305,95.2809,89.1353,91.2257,84.9195,88.9171,73.459,97.0204,97.3789,84.0478,66.5345,66.1509,72.5161,101.348,100.487,100.159,84.4237,86.0242,82.9194,92.9049,90.6692,88.7547,85.0615,96.0296,80.3887,98.5205,87.9062,89.7774,75.7281,87.0848,95.6678,65.353,7.798484,32.0,1.0,0.0,101.350428,4307.79728
tfim_esus-beta_1.41034483.out,esus,1.41034,1000000,10000000,1000,100,50,70.5395,103.662,106.722,82.0332,100.031,95.4592,94.1129,86.4165,106.139,103.469,107.304,105.137,106.31,76.9041,90.9596,70.1037,93.9087,101.6,102.885,103.993,97.6083,105.785,95.9968,105.737,91.8338,103.657,106.616,88.6745,101.484,99.7568,105.163,105.149,89.3725,77.4662,103.345,70.6865,104.26,106.456,102.505,103.57,69.448,100.414,76.4402,93.4327,98.7649,104.142,104.726,87.0569,89.6434,105.188,8.174008,32.0,1.0,0.0,107.307392,4802.06655
tfim_esus-beta_1.47586207.out,esus,1.47586,1000000,10000000,1000,100,50,103.265,107.704,98.5684,110.275,103.689,73.1848,103.812,110.349,109.655,104.373,101.599,104.239,110.977,108.732,105.143,108.92,109.559,106.551,109.423,103.916,98.9484,110.244,107.849,103.42,111.061,106.229,105.707,104.722,107.961,107.617,104.295,106.712,92.583,110.524,110.213,108.726,103.383,106.572,110.716,99.4454,104.639,100.857,100.624,104.736,108.763,85.5047,100.109,94.1715,99.38,100.468,8.5499,36.0,1.0,0.0,111.063567,5210.11338
tfim_esus-beta_1.54137931.out,esus,1.54138,1000000,10000000,1000,100,50,115.706,109.762,112.842,114.512,100.47,115.074,116.168,105.694,115.415,116.256,107.741,112.375,110.363,114.311,104.014,115.531,116.14,113.994,115.403,116.581,110.784,115.677,113.864,115.012,102.801,115.441,115.206,116.601,107.648,115.03,112.715,111.3,111.444,115.23,110.858,116.249,114.34,110.885,114.382,114.99,110.852,114.134,114.221,113.763,113.472,114.365,115.542,89.7823,112.332,113.014,8.912144,34.0,1.0,0.0,116.603163,5620.28614
tfim_esus-beta_1.60689655.out,esus,1.6069,1000000,10000000,1000,100,50,111.211,115.227,121.847,117.634,119.517,117.8,116.222,121.512,121.971,118.513,104.377,120.647,117.984,117.921,116.444,113.436,119.87,117.845,118.342,120.656,105.289,119.302,120.41,118.011,118.108,116.468,118.22,120.232,119.615,119.332,118.942,120.697,114.716,120.538,118.067,118.631,120.64,119.121,112.865,115.54,120.25,118.66,118.803,116.687,118.331,119.184,119.482,118.269,120.807,119.812,9.277356,34.0,1.0,0.0,121.973985,5894.00509
tfim_esus-beta_1.67241379.out,esus,1.67241,1000000,10000000,1000,100,50,119.326,121.451,127.004,116.637,122.452,125.118,123.403,125.085,121.379,123.499,123.134,121.916,121.882,124.196,126.405,126.295,125.3,119.499,125.293,125.821,126.312,124.784,126.313,123.591,125.797,113.507,125.985,125.712,124.677,125.557,121.461,125.993,125.59,125.073,125.182,122.328,126.719,123.815,123.461,126.186,124.833,122.852,123.127,123.163,125.366,124.736,122.999,124.941,123.708,124.593,9.65846,36.0,1.0,0.0,127.006849,6193.45814
tfim_esus-beta_1.73793103.out,esus,1.73793,1000000,10000000,1000,100,50,130.353,126.877,129.456,130.817,129.779,126.553,128.105,129.151,129.048,128.763,131.26,130.991,130.354,130.137,129.662,126.493,130.266,127.497,130.215,129.767,130.511,128.563,128.283,127.019,128.747,129.865,124.763,126.14,130.716,128.026,127.767,130.557,128.788,130.638,130.177,130.51,130.227,130.717,130.11,129.277,129.346,129.596,129.998,128.095,128.789,129.731,130.38,129.669,129.963,127.169,10.04088,36.0,1.0,0.0,131.262568,6459.68106
tfim_esus-beta_1.80344828.out,esus,1.80345,1000000,10000000,1000,100,50,135.111,135.108,135.97,134.721,135.159,134.438,134.05,131.5,136.416,134.069,134.425,133.593,135.129,134.698,135.769,133.192,134.995,134.215,133.821,134.848,134.867,135.737,134.884,134.347,132.713,134.724,135.275,134.542,134.875,133.243,134.349,136.231,134.398,136.337,134.958,135.61,135.433,134.529,135.34,135.957,133.29,134.02,134.453,134.123,133.293,131.676,131.495,133.412,133.731,129.508,10.4264,42.0,1.0,0.0,136.418142,6718.57484
tfim_esus-beta_1.86896552.out,esus,1.86897,1000000,10000000,1000,100,50,140.159,139.972,140.048,138.705,140.376,139.708,139.542,140.086,140.268,140.568,139.766,140.404,140.863,139.694,140.835,139.438,139.915,139.915,137.825,140.806,140.334,140.261,140.745,140.021,137.651,139.193,139.581,140.695,139.891,140.47,138.91,140.734,139.93,140.692,139.464,140.678,140.772,138.164,140.147,137.469,138.73,139.572,139.22,137.231,137.352,139.382,136.448,138.177,136.37,138.582,10.79746,40.0,1.0,0.0,140.865201,6975.75915
tfim_esus-beta_1.93448276.out,esus,1.93448,1000000,10000000,1000,100,50,145.054,145.831,145.898,145.052,144.333,145.268,145.341,145.831,146.118,145.353,145.662,145.608,146.512,145.46,145.73,145.238,145.376,145.212,146.769,145.257,146.611,146.186,145.669,147.251,146.495,145.826,145.559,145.338,146.465,145.091,145.304,144.401,146.53,145.838,144.361,146.394,145.948,145.417,145.951,146.268,144.373,145.11,142.357,144.491,145.052,144.479,145.429,145.111,144.638,144.998,11.174508,40.0,1.0,0.0,147.25286,7273.83885
tfim_esus-beta_2.0.out,esus,2,1000000,10000000,1000,100,50,150.205,150.931,152.723,151.668,154.243,150.769,151.584,159.134,152.309,152.277,151.141,150.67,152.503,151.361,151.35,152.118,151.09,151.067,151.701,151.507,153.394,151.619,152.136,152.292,152.001,151.551,151.506,151.974,151.418,151.138,151.08,152.249,153.251,152.056,152.51,152.547,152.106,151.553,152.517,151.855,151.751,150.897,151.036,150.369,151.557,150.311,151.415,150.763,151.018,150.024,11.557056,38.0,1.0,0.0,159.136537,7590.24764
tfim_esus-beta_4.0.out,esus,4,1000000,10000000,1000,100,50,404.577,417.558,408.643,410.033,418.523,517.457,521.698,412.185,429.381,416.59,419.439,408.041,468.937,424.742,413.482,425.087,438.331,432.359,496.756,407.71,410.029,458.124,409.712,405.948,429.522,429.51,414.025,425.291,399.014,420.758,425.094,398.805,419.067,424.698,427.673,412.473,414.464,416.228,427.507,415.913,401.311,400.172,406.937,459.929,419.045,421.611,416.849,427.521,429.029,412.557,23.12228,66.0,1.0,0.0,521.700206,21270.3469
tfim_fidsus-beta_0.1.out,fidsus,0.1,1000000,10000000,1000,100,50,6.5189,6.49306,6.52401,6.44099,6.27809,6.27411,6.46966,6.48206,6.46552,6.50876,6.50412,6.42342,6.54516,6.4736,6.50161,6.50254,6.43088,6.32314,6.51355,6.44778,6.45675,6.46709,6.47702,6.51201,6.47325,6.47223,6.50424,6.5256,6.49022,6.4433,6.47175,6.4776,6.51298,6.4928,6.5151,6.53411,6.507,6.50998,6.50801,6.52794,6.5104,6.53251,6.42497,6.47575,6.51807,6.52056,6.49803,6.50474,6.51552,6.48278,0.156728,8.0,1.0,0.0,6.54706038,323.983255
tfim_fidsus-beta_0.16551724.out,fidsus,0.165517,1000000,10000000,1000,100,50,7.34673,7.33452,7.35542,7.34206,7.32799,7.34647,7.35576,7.33376,7.34317,7.32674,7.33221,7.34584,7.35526,7.33825,7.33273,7.34119,7.32458,7.36504,7.33195,7.3386,7.34384,7.32708,7.33699,7.3504,7.34053,7.45513,7.34895,7.33321,7.34615,7.3456,7.32945,7.32812,7.33606,7.32869,7.34044,7.34908,7.33764,7.33594,7.36643,7.32415,7.34287,7.3395,7.33185,7.32836,7.32484,7.33856,7.39735,7.33859,7.35203,7.33247,0.422848,10.0,1.0,0.0,7.45718988,367.14859
tfim_fidsus-beta_0.23103448.out,fidsus,0.231034,1000000,10000000,1000,100,50,8.49602,8.47903,8.51031,8.48891,8.49129,8.48148,8.48662,8.49184,8.49499,8.49044,8.49299,8.48195,8.49217,8.49041,8.50303,8.49379,8.49696,8.474,8.49778,8.47253,8.47855,8.49261,8.4846,8.50091,8.48453,8.4811,8.47447,8.46882,8.48947,8.47513,8.47485,8.50281,8.49307,8.49424,8.49246,8.5011,8.4982,8.48923,8.49998,8.51268,8.49037,8.52493,8.49147,8.48707,8.49121,8.49665,8.49794,8.47559,8.48314,8.49073,0.798288,12.0,1.0,0.0,8.52703334,424.52448
tfim_fidsus-beta_0.29655172.out,fidsus,0.296552,1000000,10000000,1000,100,50,12.3245,10.0304,10.1018,10.036,10.0704,11.9448,10.0632,11.3093,10.0638,10.0516,10.0438,10.063,11.5976,10.052,10.1102,10.0614,10.065,10.0454,10.0758,10.0679,10.0534,10.0616,10.0569,10.0539,11.1533,10.0714,12.7112,10.0513,13.3097,11.3581,10.0559,10.1136,10.0854,10.0546,10.0651,10.0832,10.0649,10.0559,10.0535,10.0698,10.0566,10.0848,10.0554,10.8864,10.0713,10.0688,10.0412,12.3441,10.0543,10.0548,1.249724,16.0,1.0,0.0,13.3116771,521.478465
tfim_fidsus-beta_0.36206897.out,fidsus,0.362069,1000000,10000000,1000,100,50,16.9287,16.7157,14.9143,15.2062,16.8268,16.433,16.1361,15.2008,16.1715,13.5691,14.6318,16.7257,16.906,16.8887,16.5785,16.4726,16.5226,16.3358,16.2623,12.4304,15.935,16.7548,16.1542,16.978,14.9335,16.8212,16.8996,16.1563,15.7761,16.2887,16.522,15.7871,15.961,16.4894,16.5125,16.5941,13.0152,16.9401,16.9733,16.8247,12.0903,13.5441,14.6607,14.4814,15.0168,15.6985,15.9745,15.7086,12.4614,17.0117,1.751892,14.0,1.0,0.0,17.0137594,788.821455
tfim_fidsus-beta_0.42758621.out,fidsus,0.427586,1000000,10000000,1000,100,50,19.6356,19.9739,19.8159,20.05,20.1212,19.8334,20.072,20.0927,20.0496,20.1231,19.7388,19.8207,20.1929,19.9312,20.1638,20.0192,19.8989,19.5227,20.1287,19.7034,20.2111,19.6876,20.1447,20.2598,19.7961,19.8112,20.0751,19.6441,19.8192,19.9939,19.7887,19.9362,19.3886,18.9741,20.1857,20.2277,20.0561,20.1222,19.5492,20.0151,20.1792,19.9987,19.9408,20.225,19.0761,19.9933,19.6351,20.1199,20.0044,19.6642,2.279852,16.0,1.0,0.0,20.2617671,995.410659
tfim_fidsus-beta_0.49310345.out,fidsus,0.493103,1000000,10000000,1000,100,50,24.6,24.6205,24.6316,24.6912,24.5763,24.2784,24.5392,24.4156,24.504,24.3747,24.3598,24.5334,24.5944,24.2852,24.402,24.5792,24.4165,24.5185,24.558,24.433,24.6141,24.2954,24.5974,24.5124,24.6409,24.4061,24.5938,24.5547,24.5817,24.6565,24.7027,24.286,24.6617,24.6677,24.7167,24.7721,24.588,24.63,24.5198,24.6516,24.4905,24.5391,24.6395,24.554,24.5509,24.6502,24.4732,24.6056,24.5445,24.4606,2.793172,18.0,1.0,0.0,24.7748679,1227.06856
tfim_fidsus-beta_0.55862069.out,fidsus,0.558621,1000000,10000000,1000,100,50,28.0408,27.7336,27.9849,28.0195,27.9892,27.8758,27.9711,27.8377,28.0976,30.7347,28.0195,28.0049,27.9446,28.0011,28.0702,28.0467,27.9472,27.8275,27.9194,27.7623,28.0347,28.0453,27.9937,28.0394,28.0681,27.9488,27.9181,27.9478,28.0576,27.9244,27.9346,27.9363,28.0601,28.0979,27.9347,28.3422,27.9571,27.8642,28.0229,28.0305,27.8928,27.9669,28.0104,27.999,27.9182,28.0431,28.0599,27.9991,28.026,27.9821,3.279128,20.0,1.0,0.0,30.736423,1401.88387
tfim_fidsus-beta_0.62413793.out,fidsus,0.624138,1000000,10000000,1000,100,50,32.5624,32.3418,32.502,32.426,32.626,32.1907,32.4116,32.2923,32.5181,32.2967,32.6709,32.6537,32.9581,32.6971,32.8036,32.7914,32.7745,32.5515,32.7406,32.8081,32.8511,32.7373,32.7962,32.8344,32.7825,32.6503,32.6475,33.0798,32.6924,32.706,32.938,32.7868,32.8327,32.7696,32.7936,32.7378,32.776,32.6617,32.6355,32.7412,32.745,32.7462,32.716,32.8288,32.8576,32.7955,32.6802,32.696,32.6924,32.5721,3.724524,20.0,1.0,0.0,33.0820239,1634.39737
tfim_fidsus-beta_0.68965517.out,fidsus,0.689655,1000000,10000000,1000,100,50,35.7705,35.4083,35.6609,35.6145,35.8204,35.4921,35.6992,35.4796,35.894,35.5333,36.1852,35.9967,36.0917,35.9541,36.0953,36.128,36.1397,35.8965,36.1771,35.9633,36.0341,35.8924,36.2269,36.1309,35.9592,35.9817,36.0573,36.0684,36.0317,35.9478,36.0754,36.0934,36.1325,37.4955,36.2216,36.295,36.141,36.0507,36.0266,36.201,35.9313,36.1382,35.9688,35.9829,35.8609,39.0775,36.0126,36.2021,36.0401,36.0067,4.130236,24.0,1.0,0.0,39.0799455,1803.28432
tfim_fidsus-beta_0.75517241.out,fidsus,0.755172,1000000,10000000,1000,100,50,39.4268,39.3048,39.5043,39.4311,39.5092,39.2098,39.3675,39.3308,39.7067,39.4634,39.5905,39.3849,39.3977,39.2071,39.4755,39.4711,39.5953,39.3743,39.4196,39.4229,39.4403,39.3712,39.8252,39.4621,39.477,39.2944,39.3022,39.5567,39.4794,39.5883,39.4343,39.466,39.5184,39.4965,41.0162,39.6564,39.557,39.4815,39.4732,39.5913,39.354,39.3133,39.3525,39.209,39.4159,39.4531,39.5043,39.5247,39.3196,39.453,4.509468,26.0,1.0,0.0,41.018433,1973.98033
tfim_fidsus-beta_0.82068966.out,fidsus,0.82069,1000000,10000000,1000,100,50,42.1088,41.4652,42.2274,41.6986,42.1119,41.6552,41.9084,41.5574,42.1757,41.606,42.8969,42.7901,42.9042,42.7792,42.6704,42.7275,42.7338,42.672,42.8607,42.9124,42.9223,42.644,42.9451,42.8458,42.7233,42.7278,42.6992,42.9061,42.779,42.7512,42.8282,42.9059,42.7225,42.7395,42.6874,42.7662,42.7335,42.896,42.8434,42.9547,42.911,42.7865,42.7475,42.6106,42.86,42.9614,42.6651,42.6152,42.7834,42.621,4.879968,24.0,1.0,0.0,42.9635011,2130.04438
tfim_fidsus-beta_0.8862069.out,fidsus,0.886207,1000000,10000000,1000,100,50,45.5875,45.255,45.6431,45.0394,45.5606,68.8737,45.7942,45.2592,45.6054,45.2343,46.52,46.5892,46.2474,46.1726,46.3632,46.3171,46.3201,46.0703,46.0975,46.4153,46.4606,46.3539,46.5015,46.3495,46.3363,45.9095,46.3351,46.1516,46.385,46.1735,46.3685,46.3797,46.4597,46.4464,46.3701,46.2899,46.3369,46.2846,46.2713,46.4633,46.2387,46.1949,57.3252,46.2547,46.1399,46.2812,46.2641,46.2262,46.2475,46.1814,5.237724,28.0,1.0,0.0,68.876034,2340.94602
tfim_fidsus-beta_0.95172414.out,fidsus,0.951724,1000000,10000000,1000,100,50,48.2974,47.8502,48.2119,47.9565,48.1241,47.7629,48.0261,47.7179,48.1551,47.6434,48.8619,48.971,49.0916,48.6621,48.9548,49.3346,49.0191,49.1434,49.1986,48.9519,49.1182,48.8373,49.2115,49.052,49.1137,48.9726,48.8381,48.9046,49.1329,49.0294,49.0985,49.043,49.1503,49.1202,48.8014,48.8255,48.9676,72.5183,48.9325,49.1393,49.8176,48.96,75.031,48.7093,48.9108,48.9617,49.2017,49.0163,49.1468,49.0117,5.60602,28.0,1.0,0.0,75.0334107,2490.50835
tfim_fidsus-beta_1.01724138.out,fidsus,1.01724,1000000,10000000,1000,100,50,54.0866,51.4263,51.7683,51.2007,51.7358,51.3151,51.7235,51.2148,52.2796,51.1293,52.482,52.3944,52.7214,52.3557,52.6926,52.4848,52.6473,52.2328,52.4263,52.5823,52.2493,52.5167,52.6395,71.1086,52.6479,52.5196,52.6314,52.7262,52.7619,52.4502,52.7233,52.6628,62.9897,52.672,52.6634,52.2898,52.6347,52.7413,52.2168,52.4517,52.3089,52.6298,52.7478,72.4963,52.4622,52.3073,52.5821,52.2095,52.3662,52.5559,5.953128,28.0,1.0,0.0,72.4987073,2667.86258
tfim_fidsus-beta_1.08275862.out,fidsus,1.08276,1000000,10000000,1000,100,50,55.621,55.2143,55.1538,55.4322,55.0871,55.2594,55.3063,55.3392,71.7161,83.7336,55.447,55.302,55.334,55.2806,68.8423,55.536,55.6406,55.5046,55.6901,55.5094,55.2802,55.2573,73.7629,55.5625,55.2944,59.3181,55.2086,55.5541,55.1262,55.698,55.3426,55.6337,55.691,55.6479,55.3323,55.5088,73.9643,55.2828,55.4624,55.716,55.2699,55.4597,55.078,55.298,55.1647,55.3897,55.5416,55.3155,55.4161,55.2511,6.316028,30.0,1.0,0.0,83.7357754,2868.77798
tfim_fidsus-beta_1.14827586.out,fidsus,1.14828,1000000,10000000,1000,100,50,58.2563,75.3793,58.4617,58.3109,58.562,58.1126,66.593,58.2872,88.4789,58.3391,58.6168,67.339,58.2118,58.2046,58.6141,58.606,88.3588,85.1335,58.3266,58.3282,58.0274,58.4933,58.2195,75.5021,58.6365,58.1273,58.1923,58.2401,58.4122,58.4305,58.377,58.5058,58.492,58.6218,58.3229,58.4373,58.3612,58.2891,58.196,58.511,58.0782,58.3303,58.0533,81.5241,85.6622,58.252,63.1876,58.2618,58.3292,58.2079,6.686624,32.0,1.0,0.0,88.4812495,3110.8024
tfim_fidsus-beta_1.2137931.out,fidsus,1.21379,1000000,10000000,1000,100,50,61.0229,61.1509,61.5646,61.0999,64.1316,61.1315,61.045,61.1101,93.2864,61.2177,61.6434,61.3546,66.5486,62.426,72.3189,89.9715,61.4912,90.81,65.4803,61.5932,61.6528,61.8485,61.9218,79.7613,61.8569,61.4588,61.683,69.7268,61.5948,61.4157,63.0857,70.2832,93.8545,61.9702,61.302,61.4401,64.7597,84.5801,85.6536,65.3093,65.2521,90.7872,72.6542,61.6332,61.5445,77.4669,61.6449,65.3421,92.2666,61.6867,7.048952,32.0,1.0,0.0,93.856542,3405.83564
tfim_fidsus-beta_1.27931034.out,fidsus,1.27931,1000000,10000000,1000,100,50,64.5899,84.9909,64.5077,81.9867,64.1235,63.7969,74.3601,63.6936,82.6843,91.6769,80.8918,94.9225,81.0658,97.0543,69.3503,95.5028,99.1919,73.984,70.8896,67.8138,77.417,64.9137,96.5177,65.5566,77.5269,90.1894,69.8534,65.0696,86.5312,89.43,88.1742,67.5262,85.4932,79.5982,85.4214,88.3935,97.8784,64.9929,65.1986,84.126,68.8538,98.9769,64.7173,78.2556,69.2272,64.9839,69.4416,91.5779,64.7507,91.8086,7.425536,32.0,1.0,0.0,99.1940357,3919.47856
tfim_fidsus-beta_1.34482759.out,fidsus,1.34483,1000000,10000000,1000,100,50,84.3422,66.2936,95.3458,95.7215,80.0918,101.063,100.575,98.2674,76.9304,97.396,67.9716,67.6278,67.4159,98.1405,96.8908,98.3372,99.3714,67.3308,67.6095,96.5797,90.1112,92.3973,86.0453,89.8078,74.7436,98.1334,98.8646,85.3955,67.4895,67.3501,73.7183,102.431,101.618,101.826,85.7581,87.4841,83.981,93.9335,91.9735,89.948,86.7518,99.2255,83.3174,100.971,89.6075,92.2232,77.6414,89.7069,97.249,67.7293,7.798484,32.0,1.0,0.0,102.433689,4370.73544
tfim_fidsus-beta_1.41034483.out,fidsus,1.41034,1000000,10000000,1000,100,50,70.7067,103.62,106.946,81.8388,100.474,96.0094,95.0711,86.5113,106.691,103.546,109.021,105.876,107.187,78.0185,92.3135,71.3238,95.5398,102.957,104.822,105.282,99.0136,107.04,97.9018,106.924,92.6437,104.968,107.756,89.9743,103.067,101.057,106.469,106.295,90.7075,78.7027,104.47,71.9555,105.637,107.98,103.718,105.402,71.3568,102.733,78.1609,95.8094,100.877,106.056,106.855,89.3408,91.6768,107.97,8.174008,32.0,1.0,0.0,109.023731,4866.27209
tfim_fidsus-beta_1.47586207.out,fidsus,1.47586,1000000,10000000,1000,100,50,103.917,108.304,99.0877,111.397,104.077,73.3528,104.525,110.806,109.847,105.585,102.921,105.269,112.107,110.538,106.514,110.265,111.053,108.64,110.694,105.144,100.261,112.799,109.575,104.964,112.806,107.545,107.183,106.349,109.382,108.59,106.165,108.233,93.9571,111.949,112.141,110.008,104.753,107.821,112.032,101.134,106.522,102.774,103.249,107.949,111.124,88.0855,102.784,96.7574,101.438,103.408,8.5499,36.0,1.0,0.0,112.807667,5285.7805
tfim_fidsus-beta_1.54137931.out,fidsus,1.54138,1000000,10000000,1000,100,50,117.018,110.042,113.523,114.968,101.556,116.678,116.88,106.021,116.878,116.36,109.165,114.706,112.721,116.069,105.358,117.324,118.007,115.894,117.376,118.503,112.316,117.177,115.319,116.468,104.545,117.344,116.752,117.732,109.071,116.88,114.525,112.776,113.12,116.791,112.527,117.877,115.824,112.451,115.158,116.568,113.419,117.025,116.88,117.232,115.259,117.326,117.885,92.4826,114.392,115.797,8.912144,34.0,1.0,0.0,118.505434,5703.9639
tfim_fidsus-beta_1.60689655.out,fidsus,1.6069,1000000,10000000,1000,100,50,112.134,116.739,122.666,118.849,120.654,118.734,117.551,122.322,123.479,119.021,105.84,122.948,120.029,120.334,118.864,115.095,121.7,119.798,120.692,123.489,107.009,120.667,121.922,120.496,124.38,118.368,120.505,122.536,121.228,121.091,121.209,123.055,116.969,121.916,119.576,120.588,122.5,120.805,114.351,118.777,123.367,121.413,121.906,119.387,120.397,121.874,121.854,121.002,122.833,122.657,9.277356,34.0,1.0,0.0,124.382133,5995.57157
tfim_fidsus-beta_1.67241379.out,fidsus,1.67241,1000000,10000000,1000,100,50,120.224,122.175,128.163,117.528,123.374,126.419,124.789,126.52,122.116,124.061,124.856,124.357,123.935,126.772,129.002,128.565,127.689,121.371,127.474,129.274,128.454,126.905,128.392,125.92,128.148,115.726,128.249,128.175,126.396,127.67,122.913,127.706,127.296,127.616,127.807,124.783,128.794,126.011,125.825,127.38,127.261,126.307,125.926,126.704,127.962,128.487,125.12,127.304,126.162,127.724,9.65846,36.0,1.0,0.0,129.27664,6297.78829
tfim_fidsus-beta_1.73793103.out,fidsus,1.73793,1000000,10000000,1000,100,50,131.616,128.211,130.671,131.815,131.685,127.411,128.883,129.656,130.541,130.003,133.597,133.923,133.13,133.453,132.159,128.156,132.789,130.224,132.922,132.233,132.984,130.818,130.741,129.643,131.179,132.144,126.614,128.876,133.002,129.867,130.333,132.385,131.335,133.397,133.201,133.162,132.384,132.97,132.434,131.346,132.651,133.19,133.048,131.673,131.884,132.959,133.547,133.612,132.783,130.358,10.04088,36.0,1.0,0.0,133.924982,6577.60223
tfim_fidsus-beta_1.80344828.out,fidsus,1.80345,1000000,10000000,1000,100,50,137.042,136.558,137.391,136.178,137.115,136.2,136.366,133.639,138.28,135.65,137.111,136.486,137.887,137.351,138.79,136.566,137.07,136.234,136.78,138.211,138.697,138.127,137.713,137.235,135.593,136.877,137.704,137.391,137.437,135.79,136.918,138.429,137.005,138.253,137.637,138.471,138.494,137.501,138.243,138.879,137.005,137.761,137.966,137.892,136.873,134.899,134.435,136.841,137.376,133.331,10.4264,42.0,1.0,0.0,138.880869,6853.67731
tfim_fidsus-beta_1.86896552.out,fidsus,1.86897,1000000,10000000,1000,100,50,141.249,142.105,141.951,140.529,142.407,141.018,141.737,141.838,142.639,142.187,144.12,143.684,143.644,142.505,143.89,142.088,142.867,144.281,140.538,143.922,143.418,144.591,143.376,143.113,140.796,141.901,142.559,143.481,142.962,143.364,141.644,143.558,143.062,143.119,142.4,143.663,143.549,140.869,142.803,141.028,142.361,143.935,142.918,141.149,141.346,143.848,140.183,142.34,140.238,142.992,10.79746,40.0,1.0,0.0,144.593242,7125.76191
tfim_fidsus-beta_1.93448276.out,fidsus,1.93448,1000000,10000000,1000,100,50,147.452,148.262,147.834,148.248,146.561,147.383,147.725,147.72,149.053,147.273,148.942,149.049,149.946,148.177,149.075,148.605,148.77,147.782,149.219,148.476,149.768,148.573,148.555,151.766,149.754,149.104,148.771,148.49,149.731,147.715,148.584,147.185,149.879,149.241,146.989,149.966,149.583,148.378,149.354,149.155,148.567,149.468,146.372,148.411,148.789,148.666,149.367,149.582,148.995,148.957,11.174508,40.0,1.0,0.0,151.768471,7433.27172
tfim_fidsus-beta_2.0.out,fidsus,2,1000000,10000000,1000,100,50,152.944,153.218,155.026,154.258,155.393,152.963,154.102,154.848,154.995,154.513,155.464,154.095,156.103,154.963,154.834,156.311,154.723,154.526,156.205,155.088,156.15,154.58,155.55,154.81,155.448,155.073,154.836,156.52,155.258,154.232,154.228,155.661,156.161,155.234,156.102,156.059,155.959,154.838,155.276,155.049,155.18,155.554,155.141,154.959,155.589,154.963,155.774,155.915,155.154,154.513,11.557056,38.0,1.0,0.0,156.522931,7754.33532
tfim_fidsus-beta_4.0.out,fidsus,4,1000000,10000000,1000,100,50,419.079,433.126,422.425,424.153,433.146,535.478,539.3,428.035,444.742,430.641,435.742,424.108,484.713,441.696,428.609,439.385,453.625,446.354,516.758,421.977,425.376,473.237,424.456,420.651,444.781,445.921,430.333,441.142,414.385,437.489,441.215,413.01,434.161,442.65,443.766,427.691,429.533,430.186,443.6,430.578,416.226,415.522,420.973,479.859,434.646,437.71,434.389,442.358,445.057,427.903,23.12228,66.0,1.0,0.0,539.302579,22051.8979
